participant,stimulus,response,rating
sim00_d0.5_meta0.5_r4_n400,0,0,3
sim00_d0.5_meta0.5_r4_n400,1,1,1
sim00_d0.5_meta0.5_r4_n400,0,0,2
sim00_d0.5_meta0.5_r4_n400,1,1,2
sim00_d0.5_meta0.5_r4_n400,1,1,1
sim00_d0.5_meta0.5_r4_n400,1,1,1
sim00_d0.5_meta0.5_r4_n400,0,1,2
sim00_d0.5_meta0.5_r4_n400,1,0,1
sim00_d0.5_meta0.5_r4_n400,0,0,3
sim00_d0.5_meta0.5_r4_n400,1,1,2
sim00_d0.5_meta0.5_r4_n400,0,0,2
sim00_d0.5_meta0.5_r4_n400,0,0,1
sim00_d0.5_meta0.5_r4_n400,0,0,1
sim00_d0.5_meta0.5_r4_n400,1,0,2
sim00_d0.5_meta0.5_r4_n400,0,0,1
sim00_d0.5_meta0.5_r4_n400,0,1,1
sim00_d0.5_meta0.5_r4_n400,1,1,2
sim00_d0.5_meta0.5_r4_n400,1,1,3
sim00_d0.5_meta0.5_r4_n400,1,1,2
sim00_d0.5_meta0.5_r4_n400,0,0,2
sim00_d0.5_meta0.5_r4_n400,0,1,2
sim00_d0.5_meta0.5_r4_n400,0,1,1
sim00_d0.5_meta0.5_r4_n400,1,0,3
sim00_d0.5_meta0.5_r4_n400,1,1,1
sim00_d0.5_meta0.5_r4_n400,1,1,2
sim00_d0.5_meta0.5_r4_n400,0,1,1
sim00_d0.5_meta0.5_r4_n400,0,0,1
sim00_d0.5_meta0.5_r4_n400,1,1,2
sim00_d0.5_meta0.5_r4_n400,0,1,2
sim00_d0.5_meta0.5_r4_n400,1,1,4
sim00_d0.5_meta0.5_r4_n400,1,1,2
sim00_d0.5_meta0.5_r4_n400,0,0,1
sim00_d0.5_meta0.5_r4_n400,0,1,2
sim00_d0.5_meta0.5_r4_n400,1,1,1
sim00_d0.5_meta0.5_r4_n400,1,0,2
sim00_d0.5_meta0.5_r4_n400,0,0,2
sim00_d0.5_meta0.5_r4_n400,0,0,3
sim00_d0.5_meta0.5_r4_n400,1,1,1
sim00_d0.5_meta0.5_r4_n400,0,1,1
sim00_d0.5_meta0.5_r4_n400,0,1,4
sim00_d0.5_meta0.5_r4_n400,1,0,1
sim00_d0.5_meta0.5_r4_n400,0,0,4
sim00_d0.5_meta0.5_r4_n400,0,0,4
sim00_d0.5_meta0.5_r4_n400,1,0,1
sim00_d0.5_meta0.5_r4_n400,1,0,2
sim00_d0.5_meta0.5_r4_n400,1,0,2
sim00_d0.5_meta0.5_r4_n400,0,0,1
sim00_d0.5_meta0.5_r4_n400,0,0,3
sim00_d0.5_meta0.5_r4_n400,1,1,2
sim00_d0.5_meta0.5_r4_n400,1,1,3
sim00_d0.5_meta0.5_r4_n400,1,1,4
sim00_d0.5_meta0.5_r4_n400,0,0,1
sim00_d0.5_meta0.5_r4_n400,0,0,1
sim00_d0.5_meta0.5_r4_n400,0,0,1
sim00_d0.5_meta0.5_r4_n400,1,1,2
sim00_d0.5_meta0.5_r4_n400,0,1,3
sim00_d0.5_meta0.5_r4_n400,0,1,3
sim00_d0.5_meta0.5_r4_n400,1,0,1
sim00_d0.5_meta0.5_r4_n400,1,0,2
sim00_d0.5_meta0.5_r4_n400,1,0,1
sim00_d0.5_meta0.5_r4_n400,1,1,2
sim00_d0.5_meta0.5_r4_n400,1,1,2
sim00_d0.5_meta0.5_r4_n400,1,0,1
sim00_d0.5_meta0.5_r4_n400,0,0,4
sim00_d0.5_meta0.5_r4_n400,0,1,1
sim00_d0.5_meta0.5_r4_n400,1,1,4
sim00_d0.5_meta0.5_r4_n400,1,1,3
sim00_d0.5_meta0.5_r4_n400,0,0,4
sim00_d0.5_meta0.5_r4_n400,1,1,2
sim00_d0.5_meta0.5_r4_n400,1,1,4
sim00_d0.5_meta0.5_r4_n400,0,0,1
sim00_d0.5_meta0.5_r4_n400,0,0,1
sim00_d0.5_meta0.5_r4_n400,1,1,3
sim00_d0.5_meta0.5_r4_n400,0,1,2
sim00_d0.5_meta0.5_r4_n400,1,1,3
sim00_d0.5_meta0.5_r4_n400,0,1,4
sim00_d0.5_meta0.5_r4_n400,1,1,1
sim00_d0.5_meta0.5_r4_n400,0,0,3
sim00_d0.5_meta0.5_r4_n400,0,0,3
sim00_d0.5_meta0.5_r4_n400,1,0,3
sim00_d0.5_meta0.5_r4_n400,0,1,4
sim00_d0.5_meta0.5_r4_n400,0,1,3
sim00_d0.5_meta0.5_r4_n400,0,1,1
sim00_d0.5_meta0.5_r4_n400,1,0,4
sim00_d0.5_meta0.5_r4_n400,0,0,2
sim00_d0.5_meta0.5_r4_n400,0,0,1
sim00_d0.5_meta0.5_r4_n400,0,0,1
sim00_d0.5_meta0.5_r4_n400,1,1,4
sim00_d0.5_meta0.5_r4_n400,0,0,2
sim00_d0.5_meta0.5_r4_n400,0,1,2
sim00_d0.5_meta0.5_r4_n400,1,0,1
sim00_d0.5_meta0.5_r4_n400,0,1,3
sim00_d0.5_meta0.5_r4_n400,0,0,4
sim00_d0.5_meta0.5_r4_n400,1,0,2
sim00_d0.5_meta0.5_r4_n400,1,0,1
sim00_d0.5_meta0.5_r4_n400,1,0,1
sim00_d0.5_meta0.5_r4_n400,1,0,1
sim00_d0.5_meta0.5_r4_n400,0,0,3
sim00_d0.5_meta0.5_r4_n400,1,0,2
sim00_d0.5_meta0.5_r4_n400,1,1,1
sim00_d0.5_meta0.5_r4_n400,1,1,2
sim00_d0.5_meta0.5_r4_n400,0,0,3
sim00_d0.5_meta0.5_r4_n400,1,1,4
sim00_d0.5_meta0.5_r4_n400,1,0,1
sim00_d0.5_meta0.5_r4_n400,0,1,3
sim00_d0.5_meta0.5_r4_n400,0,1,1
sim00_d0.5_meta0.5_r4_n400,1,0,2
sim00_d0.5_meta0.5_r4_n400,0,1,1
sim00_d0.5_meta0.5_r4_n400,0,0,1
sim00_d0.5_meta0.5_r4_n400,0,0,4
sim00_d0.5_meta0.5_r4_n400,0,1,1
sim00_d0.5_meta0.5_r4_n400,0,0,3
sim00_d0.5_meta0.5_r4_n400,1,1,2
sim00_d0.5_meta0.5_r4_n400,0,0,1
sim00_d0.5_meta0.5_r4_n400,0,0,3
sim00_d0.5_meta0.5_r4_n400,1,1,1
sim00_d0.5_meta0.5_r4_n400,0,1,3
sim00_d0.5_meta0.5_r4_n400,0,1,1
sim00_d0.5_meta0.5_r4_n400,0,1,2
sim00_d0.5_meta0.5_r4_n400,1,0,1
sim00_d0.5_meta0.5_r4_n400,0,0,2
sim00_d0.5_meta0.5_r4_n400,1,0,1
sim00_d0.5_meta0.5_r4_n400,1,0,2
sim00_d0.5_meta0.5_r4_n400,0,0,2
sim00_d0.5_meta0.5_r4_n400,1,1,3
sim00_d0.5_meta0.5_r4_n400,1,1,2
sim00_d0.5_meta0.5_r4_n400,1,1,2
sim00_d0.5_meta0.5_r4_n400,0,1,1
sim00_d0.5_meta0.5_r4_n400,1,1,3
sim00_d0.5_meta0.5_r4_n400,1,0,2
sim00_d0.5_meta0.5_r4_n400,1,1,1
sim00_d0.5_meta0.5_r4_n400,1,0,2
sim00_d0.5_meta0.5_r4_n400,1,0,3
sim00_d0.5_meta0.5_r4_n400,0,0,2
sim00_d0.5_meta0.5_r4_n400,1,1,3
sim00_d0.5_meta0.5_r4_n400,0,1,1
sim00_d0.5_meta0.5_r4_n400,1,1,2
sim00_d0.5_meta0.5_r4_n400,1,0,1
sim00_d0.5_meta0.5_r4_n400,0,0,4
sim00_d0.5_meta0.5_r4_n400,1,1,1
sim00_d0.5_meta0.5_r4_n400,1,1,2
sim00_d0.5_meta0.5_r4_n400,1,1,2
sim00_d0.5_meta0.5_r4_n400,0,0,2
sim00_d0.5_meta0.5_r4_n400,0,1,3
sim00_d0.5_meta0.5_r4_n400,1,0,1
sim00_d0.5_meta0.5_r4_n400,0,1,1
sim00_d0.5_meta0.5_r4_n400,0,1,3
sim00_d0.5_meta0.5_r4_n400,1,0,1
sim00_d0.5_meta0.5_r4_n400,1,0,3
sim00_d0.5_meta0.5_r4_n400,0,0,3
sim00_d0.5_meta0.5_r4_n400,0,1,4
sim00_d0.5_meta0.5_r4_n400,1,1,2
sim00_d0.5_meta0.5_r4_n400,0,0,2
sim00_d0.5_meta0.5_r4_n400,1,1,1
sim00_d0.5_meta0.5_r4_n400,1,0,1
sim00_d0.5_meta0.5_r4_n400,1,1,4
sim00_d0.5_meta0.5_r4_n400,0,1,4
sim00_d0.5_meta0.5_r4_n400,0,0,2
sim00_d0.5_meta0.5_r4_n400,1,1,1
sim00_d0.5_meta0.5_r4_n400,0,0,1
sim00_d0.5_meta0.5_r4_n400,0,0,3
sim00_d0.5_meta0.5_r4_n400,1,1,2
sim00_d0.5_meta0.5_r4_n400,0,0,1
sim00_d0.5_meta0.5_r4_n400,0,0,2
sim00_d0.5_meta0.5_r4_n400,0,1,2
sim00_d0.5_meta0.5_r4_n400,0,0,4
sim00_d0.5_meta0.5_r4_n400,1,1,4
sim00_d0.5_meta0.5_r4_n400,1,1,4
sim00_d0.5_meta0.5_r4_n400,1,1,2
sim00_d0.5_meta0.5_r4_n400,0,1,1
sim00_d0.5_meta0.5_r4_n400,1,0,1
sim00_d0.5_meta0.5_r4_n400,0,0,1
sim00_d0.5_meta0.5_r4_n400,1,1,2
sim00_d0.5_meta0.5_r4_n400,0,1,4
sim00_d0.5_meta0.5_r4_n400,0,0,3
sim00_d0.5_meta0.5_r4_n400,1,0,1
sim00_d0.5_meta0.5_r4_n400,1,0,1
sim00_d0.5_meta0.5_r4_n400,0,0,2
sim00_d0.5_meta0.5_r4_n400,0,0,3
sim00_d0.5_meta0.5_r4_n400,1,1,1
sim00_d0.5_meta0.5_r4_n400,0,1,3
sim00_d0.5_meta0.5_r4_n400,0,0,2
sim00_d0.5_meta0.5_r4_n400,0,1,1
sim00_d0.5_meta0.5_r4_n400,0,1,2
sim00_d0.5_meta0.5_r4_n400,0,0,1
sim00_d0.5_meta0.5_r4_n400,0,0,4
sim00_d0.5_meta0.5_r4_n400,0,0,1
sim00_d0.5_meta0.5_r4_n400,1,0,1
sim00_d0.5_meta0.5_r4_n400,1,0,1
sim00_d0.5_meta0.5_r4_n400,1,0,1
sim00_d0.5_meta0.5_r4_n400,1,1,4
sim00_d0.5_meta0.5_r4_n400,1,0,3
sim00_d0.5_meta0.5_r4_n400,1,0,1
sim00_d0.5_meta0.5_r4_n400,1,0,3
sim00_d0.5_meta0.5_r4_n400,1,1,4
sim00_d0.5_meta0.5_r4_n400,0,1,1
sim00_d0.5_meta0.5_r4_n400,0,0,3
sim00_d0.5_meta0.5_r4_n400,0,0,4
sim00_d0.5_meta0.5_r4_n400,0,0,2
sim00_d0.5_meta0.5_r4_n400,1,1,4
sim00_d0.5_meta0.5_r4_n400,1,1,3
sim00_d0.5_meta0.5_r4_n400,0,0,4
sim00_d0.5_meta0.5_r4_n400,1,0,2
sim00_d0.5_meta0.5_r4_n400,0,0,2
sim00_d0.5_meta0.5_r4_n400,1,0,2
sim00_d0.5_meta0.5_r4_n400,1,1,4
sim00_d0.5_meta0.5_r4_n400,1,0,4
sim00_d0.5_meta0.5_r4_n400,1,0,1
sim00_d0.5_meta0.5_r4_n400,0,1,1
sim00_d0.5_meta0.5_r4_n400,1,1,1
sim00_d0.5_meta0.5_r4_n400,1,1,1
sim00_d0.5_meta0.5_r4_n400,1,0,2
sim00_d0.5_meta0.5_r4_n400,0,1,2
sim00_d0.5_meta0.5_r4_n400,1,1,1
sim00_d0.5_meta0.5_r4_n400,1,1,2
sim00_d0.5_meta0.5_r4_n400,1,0,1
sim00_d0.5_meta0.5_r4_n400,0,0,2
sim00_d0.5_meta0.5_r4_n400,1,1,4
sim00_d0.5_meta0.5_r4_n400,1,1,3
sim00_d0.5_meta0.5_r4_n400,0,1,1
sim00_d0.5_meta0.5_r4_n400,0,0,1
sim00_d0.5_meta0.5_r4_n400,1,0,1
sim00_d0.5_meta0.5_r4_n400,1,1,1
sim00_d0.5_meta0.5_r4_n400,1,1,1
sim00_d0.5_meta0.5_r4_n400,1,0,1
sim00_d0.5_meta0.5_r4_n400,1,1,1
sim00_d0.5_meta0.5_r4_n400,1,1,2
sim00_d0.5_meta0.5_r4_n400,0,1,4
sim00_d0.5_meta0.5_r4_n400,0,1,1
sim00_d0.5_meta0.5_r4_n400,0,0,2
sim00_d0.5_meta0.5_r4_n400,0,1,1
sim00_d0.5_meta0.5_r4_n400,0,0,4
sim00_d0.5_meta0.5_r4_n400,1,0,1
sim00_d0.5_meta0.5_r4_n400,1,1,4
sim00_d0.5_meta0.5_r4_n400,0,0,2
sim00_d0.5_meta0.5_r4_n400,1,1,4
sim00_d0.5_meta0.5_r4_n400,1,1,2
sim00_d0.5_meta0.5_r4_n400,0,0,2
sim00_d0.5_meta0.5_r4_n400,0,1,1
sim00_d0.5_meta0.5_r4_n400,1,0,1
sim00_d0.5_meta0.5_r4_n400,0,0,2
sim00_d0.5_meta0.5_r4_n400,1,1,1
sim00_d0.5_meta0.5_r4_n400,0,0,3
sim00_d0.5_meta0.5_r4_n400,0,0,2
sim00_d0.5_meta0.5_r4_n400,0,0,4
sim00_d0.5_meta0.5_r4_n400,1,1,4
sim00_d0.5_meta0.5_r4_n400,0,1,1
sim00_d0.5_meta0.5_r4_n400,0,0,1
sim00_d0.5_meta0.5_r4_n400,0,0,2
sim00_d0.5_meta0.5_r4_n400,1,1,1
sim00_d0.5_meta0.5_r4_n400,1,0,4
sim00_d0.5_meta0.5_r4_n400,1,1,1
sim00_d0.5_meta0.5_r4_n400,1,1,2
sim00_d0.5_meta0.5_r4_n400,0,0,3
sim00_d0.5_meta0.5_r4_n400,0,0,4
sim00_d0.5_meta0.5_r4_n400,0,0,1
sim00_d0.5_meta0.5_r4_n400,0,0,1
sim00_d0.5_meta0.5_r4_n400,1,1,4
sim00_d0.5_meta0.5_r4_n400,0,0,4
sim00_d0.5_meta0.5_r4_n400,0,0,1
sim00_d0.5_meta0.5_r4_n400,1,0,3
sim00_d0.5_meta0.5_r4_n400,0,0,2
sim00_d0.5_meta0.5_r4_n400,0,0,2
sim00_d0.5_meta0.5_r4_n400,1,1,1
sim00_d0.5_meta0.5_r4_n400,1,0,2
sim00_d0.5_meta0.5_r4_n400,1,0,1
sim00_d0.5_meta0.5_r4_n400,0,1,1
sim00_d0.5_meta0.5_r4_n400,0,0,2
sim00_d0.5_meta0.5_r4_n400,1,0,1
sim00_d0.5_meta0.5_r4_n400,0,0,2
sim00_d0.5_meta0.5_r4_n400,0,1,2
sim00_d0.5_meta0.5_r4_n400,0,0,1
sim00_d0.5_meta0.5_r4_n400,0,0,3
sim00_d0.5_meta0.5_r4_n400,1,0,2
sim00_d0.5_meta0.5_r4_n400,1,1,1
sim00_d0.5_meta0.5_r4_n400,1,1,2
sim00_d0.5_meta0.5_r4_n400,1,0,4
sim00_d0.5_meta0.5_r4_n400,0,0,3
sim00_d0.5_meta0.5_r4_n400,0,1,4
sim00_d0.5_meta0.5_r4_n400,1,0,4
sim00_d0.5_meta0.5_r4_n400,1,1,2
sim00_d0.5_meta0.5_r4_n400,0,1,1
sim00_d0.5_meta0.5_r4_n400,1,1,1
sim00_d0.5_meta0.5_r4_n400,0,0,3
sim00_d0.5_meta0.5_r4_n400,0,0,4
sim00_d0.5_meta0.5_r4_n400,0,1,4
sim00_d0.5_meta0.5_r4_n400,1,1,1
sim00_d0.5_meta0.5_r4_n400,0,1,2
sim00_d0.5_meta0.5_r4_n400,1,1,4
sim00_d0.5_meta0.5_r4_n400,0,0,1
sim00_d0.5_meta0.5_r4_n400,1,0,2
sim00_d0.5_meta0.5_r4_n400,1,1,1
sim00_d0.5_meta0.5_r4_n400,1,1,3
sim00_d0.5_meta0.5_r4_n400,1,1,4
sim00_d0.5_meta0.5_r4_n400,1,0,2
sim00_d0.5_meta0.5_r4_n400,0,1,2
sim00_d0.5_meta0.5_r4_n400,0,1,2
sim00_d0.5_meta0.5_r4_n400,1,1,2
sim00_d0.5_meta0.5_r4_n400,1,1,2
sim00_d0.5_meta0.5_r4_n400,0,0,4
sim00_d0.5_meta0.5_r4_n400,1,1,4
sim00_d0.5_meta0.5_r4_n400,0,0,1
sim00_d0.5_meta0.5_r4_n400,0,0,1
sim00_d0.5_meta0.5_r4_n400,1,1,2
sim00_d0.5_meta0.5_r4_n400,1,1,3
sim00_d0.5_meta0.5_r4_n400,1,0,4
sim00_d0.5_meta0.5_r4_n400,1,1,2
sim00_d0.5_meta0.5_r4_n400,0,1,1
sim00_d0.5_meta0.5_r4_n400,0,1,1
sim00_d0.5_meta0.5_r4_n400,0,1,1
sim00_d0.5_meta0.5_r4_n400,1,1,4
sim00_d0.5_meta0.5_r4_n400,1,1,2
sim00_d0.5_meta0.5_r4_n400,0,0,4
sim00_d0.5_meta0.5_r4_n400,1,1,2
sim00_d0.5_meta0.5_r4_n400,0,0,2
sim00_d0.5_meta0.5_r4_n400,1,0,1
sim00_d0.5_meta0.5_r4_n400,0,1,1
sim00_d0.5_meta0.5_r4_n400,0,1,2
sim00_d0.5_meta0.5_r4_n400,1,1,2
sim00_d0.5_meta0.5_r4_n400,1,1,4
sim00_d0.5_meta0.5_r4_n400,0,1,2
sim00_d0.5_meta0.5_r4_n400,0,1,1
sim00_d0.5_meta0.5_r4_n400,0,1,2
sim00_d0.5_meta0.5_r4_n400,0,0,1
sim00_d0.5_meta0.5_r4_n400,1,1,4
sim00_d0.5_meta0.5_r4_n400,1,1,3
sim00_d0.5_meta0.5_r4_n400,0,0,1
sim00_d0.5_meta0.5_r4_n400,0,0,1
sim00_d0.5_meta0.5_r4_n400,0,1,2
sim00_d0.5_meta0.5_r4_n400,1,0,2
sim00_d0.5_meta0.5_r4_n400,1,1,1
sim00_d0.5_meta0.5_r4_n400,0,0,1
sim00_d0.5_meta0.5_r4_n400,1,1,4
sim00_d0.5_meta0.5_r4_n400,1,1,4
sim00_d0.5_meta0.5_r4_n400,1,1,4
sim00_d0.5_meta0.5_r4_n400,0,0,1
sim00_d0.5_meta0.5_r4_n400,0,0,1
sim00_d0.5_meta0.5_r4_n400,0,1,3
sim00_d0.5_meta0.5_r4_n400,1,0,1
sim00_d0.5_meta0.5_r4_n400,0,0,2
sim00_d0.5_meta0.5_r4_n400,0,1,2
sim00_d0.5_meta0.5_r4_n400,1,0,3
sim00_d0.5_meta0.5_r4_n400,0,1,1
sim00_d0.5_meta0.5_r4_n400,0,1,2
sim00_d0.5_meta0.5_r4_n400,0,0,3
sim00_d0.5_meta0.5_r4_n400,1,0,3
sim00_d0.5_meta0.5_r4_n400,0,1,4
sim00_d0.5_meta0.5_r4_n400,0,1,3
sim00_d0.5_meta0.5_r4_n400,1,1,2
sim00_d0.5_meta0.5_r4_n400,1,0,4
sim00_d0.5_meta0.5_r4_n400,0,0,1
sim00_d0.5_meta0.5_r4_n400,1,1,4
sim00_d0.5_meta0.5_r4_n400,1,0,1
sim00_d0.5_meta0.5_r4_n400,1,0,1
sim00_d0.5_meta0.5_r4_n400,0,1,1
sim00_d0.5_meta0.5_r4_n400,0,1,2
sim00_d0.5_meta0.5_r4_n400,1,1,2
sim00_d0.5_meta0.5_r4_n400,1,1,2
sim00_d0.5_meta0.5_r4_n400,0,0,1
sim00_d0.5_meta0.5_r4_n400,0,0,3
sim00_d0.5_meta0.5_r4_n400,0,1,1
sim00_d0.5_meta0.5_r4_n400,1,1,2
sim00_d0.5_meta0.5_r4_n400,1,0,2
sim00_d0.5_meta0.5_r4_n400,0,0,1
sim00_d0.5_meta0.5_r4_n400,0,1,2
sim00_d0.5_meta0.5_r4_n400,0,0,3
sim00_d0.5_meta0.5_r4_n400,1,0,2
sim00_d0.5_meta0.5_r4_n400,1,1,3
sim00_d0.5_meta0.5_r4_n400,1,0,1
sim00_d0.5_meta0.5_r4_n400,0,1,1
sim00_d0.5_meta0.5_r4_n400,0,0,1
sim00_d0.5_meta0.5_r4_n400,0,0,1
sim00_d0.5_meta0.5_r4_n400,1,1,1
sim00_d0.5_meta0.5_r4_n400,0,0,4
sim00_d0.5_meta0.5_r4_n400,1,0,1
sim00_d0.5_meta0.5_r4_n400,0,1,4
sim00_d0.5_meta0.5_r4_n400,1,0,3
sim00_d0.5_meta0.5_r4_n400,1,1,3
sim00_d0.5_meta0.5_r4_n400,0,0,3
sim00_d0.5_meta0.5_r4_n400,0,0,4
sim00_d0.5_meta0.5_r4_n400,1,1,2
sim00_d0.5_meta0.5_r4_n400,0,0,2
sim00_d0.5_meta0.5_r4_n400,1,1,3
sim00_d0.5_meta0.5_r4_n400,0,0,1
sim00_d0.5_meta0.5_r4_n400,0,1,1
sim00_d0.5_meta0.5_r4_n400,0,1,4
sim00_d0.5_meta0.5_r4_n400,1,1,3
sim00_d0.5_meta0.5_r4_n400,0,0,4
sim00_d0.5_meta0.5_r4_n400,1,0,4
sim00_d0.5_meta0.5_r4_n400,0,1,2
sim00_d0.5_meta0.5_r4_n400,0,0,1
sim00_d0.5_meta0.5_r4_n400,1,1,3
sim00_d0.5_meta0.5_r4_n400,0,0,1
sim00_d0.5_meta0.5_r4_n400,1,0,2
sim00_d0.5_meta0.5_r4_n400,1,1,4
sim00_d0.5_meta0.5_r4_n400,1,1,4
sim00_d0.5_meta0.5_r4_n400,1,1,2
sim00_d0.5_meta0.5_r4_n400,0,0,3
sim00_d0.5_meta0.5_r4_n400,1,0,1
sim00_d0.5_meta0.5_r4_n400,1,0,2
sim01_d1.0_meta1.0_r4_n400,1,1,2
sim01_d1.0_meta1.0_r4_n400,0,0,1
sim01_d1.0_meta1.0_r4_n400,1,1,2
sim01_d1.0_meta1.0_r4_n400,1,1,3
sim01_d1.0_meta1.0_r4_n400,0,0,1
sim01_d1.0_meta1.0_r4_n400,1,1,2
sim01_d1.0_meta1.0_r4_n400,0,0,2
sim01_d1.0_meta1.0_r4_n400,0,1,3
sim01_d1.0_meta1.0_r4_n400,0,0,4
sim01_d1.0_meta1.0_r4_n400,0,1,1
sim01_d1.0_meta1.0_r4_n400,1,1,3
sim01_d1.0_meta1.0_r4_n400,0,0,3
sim01_d1.0_meta1.0_r4_n400,0,0,3
sim01_d1.0_meta1.0_r4_n400,0,0,1
sim01_d1.0_meta1.0_r4_n400,0,1,2
sim01_d1.0_meta1.0_r4_n400,0,1,2
sim01_d1.0_meta1.0_r4_n400,0,1,1
sim01_d1.0_meta1.0_r4_n400,0,0,1
sim01_d1.0_meta1.0_r4_n400,1,1,2
sim01_d1.0_meta1.0_r4_n400,1,1,2
sim01_d1.0_meta1.0_r4_n400,1,0,1
sim01_d1.0_meta1.0_r4_n400,0,0,1
sim01_d1.0_meta1.0_r4_n400,0,0,4
sim01_d1.0_meta1.0_r4_n400,1,1,1
sim01_d1.0_meta1.0_r4_n400,0,0,1
sim01_d1.0_meta1.0_r4_n400,1,0,1
sim01_d1.0_meta1.0_r4_n400,0,0,2
sim01_d1.0_meta1.0_r4_n400,1,1,4
sim01_d1.0_meta1.0_r4_n400,1,0,1
sim01_d1.0_meta1.0_r4_n400,0,0,1
sim01_d1.0_meta1.0_r4_n400,1,1,2
sim01_d1.0_meta1.0_r4_n400,1,0,1
sim01_d1.0_meta1.0_r4_n400,0,1,3
sim01_d1.0_meta1.0_r4_n400,0,1,1
sim01_d1.0_meta1.0_r4_n400,1,1,3
sim01_d1.0_meta1.0_r4_n400,0,0,2
sim01_d1.0_meta1.0_r4_n400,0,1,2
sim01_d1.0_meta1.0_r4_n400,1,0,2
sim01_d1.0_meta1.0_r4_n400,0,0,2
sim01_d1.0_meta1.0_r4_n400,1,1,1
sim01_d1.0_meta1.0_r4_n400,1,1,1
sim01_d1.0_meta1.0_r4_n400,0,1,1
sim01_d1.0_meta1.0_r4_n400,0,0,4
sim01_d1.0_meta1.0_r4_n400,0,1,1
sim01_d1.0_meta1.0_r4_n400,1,1,2
sim01_d1.0_meta1.0_r4_n400,0,1,3
sim01_d1.0_meta1.0_r4_n400,1,0,2
sim01_d1.0_meta1.0_r4_n400,1,0,2
sim01_d1.0_meta1.0_r4_n400,0,0,1
sim01_d1.0_meta1.0_r4_n400,0,0,1
sim01_d1.0_meta1.0_r4_n400,1,1,2
sim01_d1.0_meta1.0_r4_n400,0,0,1
sim01_d1.0_meta1.0_r4_n400,1,1,3
sim01_d1.0_meta1.0_r4_n400,0,0,1
sim01_d1.0_meta1.0_r4_n400,0,1,3
sim01_d1.0_meta1.0_r4_n400,1,1,4
sim01_d1.0_meta1.0_r4_n400,0,1,1
sim01_d1.0_meta1.0_r4_n400,1,1,4
sim01_d1.0_meta1.0_r4_n400,0,1,2
sim01_d1.0_meta1.0_r4_n400,0,0,2
sim01_d1.0_meta1.0_r4_n400,1,1,4
sim01_d1.0_meta1.0_r4_n400,1,1,3
sim01_d1.0_meta1.0_r4_n400,1,0,1
sim01_d1.0_meta1.0_r4_n400,1,1,1
sim01_d1.0_meta1.0_r4_n400,0,0,3
sim01_d1.0_meta1.0_r4_n400,0,0,1
sim01_d1.0_meta1.0_r4_n400,1,1,4
sim01_d1.0_meta1.0_r4_n400,1,1,1
sim01_d1.0_meta1.0_r4_n400,1,0,1
sim01_d1.0_meta1.0_r4_n400,0,1,1
sim01_d1.0_meta1.0_r4_n400,1,1,2
sim01_d1.0_meta1.0_r4_n400,1,0,1
sim01_d1.0_meta1.0_r4_n400,1,1,3
sim01_d1.0_meta1.0_r4_n400,1,1,2
sim01_d1.0_meta1.0_r4_n400,1,0,1
sim01_d1.0_meta1.0_r4_n400,1,1,3
sim01_d1.0_meta1.0_r4_n400,1,1,4
sim01_d1.0_meta1.0_r4_n400,1,1,2
sim01_d1.0_meta1.0_r4_n400,1,1,1
sim01_d1.0_meta1.0_r4_n400,0,0,4
sim01_d1.0_meta1.0_r4_n400,0,0,3
sim01_d1.0_meta1.0_r4_n400,1,1,2
sim01_d1.0_meta1.0_r4_n400,1,0,1
sim01_d1.0_meta1.0_r4_n400,1,1,2
sim01_d1.0_meta1.0_r4_n400,0,0,4
sim01_d1.0_meta1.0_r4_n400,0,0,2
sim01_d1.0_meta1.0_r4_n400,0,0,3
sim01_d1.0_meta1.0_r4_n400,1,0,2
sim01_d1.0_meta1.0_r4_n400,1,1,3
sim01_d1.0_meta1.0_r4_n400,0,1,3
sim01_d1.0_meta1.0_r4_n400,0,0,4
sim01_d1.0_meta1.0_r4_n400,0,0,1
sim01_d1.0_meta1.0_r4_n400,1,0,2
sim01_d1.0_meta1.0_r4_n400,0,0,3
sim01_d1.0_meta1.0_r4_n400,1,1,2
sim01_d1.0_meta1.0_r4_n400,1,1,3
sim01_d1.0_meta1.0_r4_n400,0,0,3
sim01_d1.0_meta1.0_r4_n400,1,0,2
sim01_d1.0_meta1.0_r4_n400,1,1,1
sim01_d1.0_meta1.0_r4_n400,0,1,2
sim01_d1.0_meta1.0_r4_n400,0,0,2
sim01_d1.0_meta1.0_r4_n400,1,1,1
sim01_d1.0_meta1.0_r4_n400,0,1,3
sim01_d1.0_meta1.0_r4_n400,1,1,3
sim01_d1.0_meta1.0_r4_n400,1,1,2
sim01_d1.0_meta1.0_r4_n400,1,0,2
sim01_d1.0_meta1.0_r4_n400,1,1,3
sim01_d1.0_meta1.0_r4_n400,0,0,3
sim01_d1.0_meta1.0_r4_n400,0,0,2
sim01_d1.0_meta1.0_r4_n400,0,0,2
sim01_d1.0_meta1.0_r4_n400,1,1,1
sim01_d1.0_meta1.0_r4_n400,0,0,1
sim01_d1.0_meta1.0_r4_n400,1,1,3
sim01_d1.0_meta1.0_r4_n400,1,0,1
sim01_d1.0_meta1.0_r4_n400,1,1,3
sim01_d1.0_meta1.0_r4_n400,1,1,2
sim01_d1.0_meta1.0_r4_n400,0,1,3
sim01_d1.0_meta1.0_r4_n400,0,0,2
sim01_d1.0_meta1.0_r4_n400,0,0,1
sim01_d1.0_meta1.0_r4_n400,1,1,2
sim01_d1.0_meta1.0_r4_n400,1,0,1
sim01_d1.0_meta1.0_r4_n400,0,1,1
sim01_d1.0_meta1.0_r4_n400,0,1,2
sim01_d1.0_meta1.0_r4_n400,0,0,2
sim01_d1.0_meta1.0_r4_n400,0,0,1
sim01_d1.0_meta1.0_r4_n400,0,0,4
sim01_d1.0_meta1.0_r4_n400,0,0,1
sim01_d1.0_meta1.0_r4_n400,0,0,4
sim01_d1.0_meta1.0_r4_n400,0,1,4
sim01_d1.0_meta1.0_r4_n400,0,0,2
sim01_d1.0_meta1.0_r4_n400,0,0,1
sim01_d1.0_meta1.0_r4_n400,1,1,4
sim01_d1.0_meta1.0_r4_n400,1,0,1
sim01_d1.0_meta1.0_r4_n400,0,0,1
sim01_d1.0_meta1.0_r4_n400,0,0,3
sim01_d1.0_meta1.0_r4_n400,1,0,4
sim01_d1.0_meta1.0_r4_n400,0,1,2
sim01_d1.0_meta1.0_r4_n400,0,0,4
sim01_d1.0_meta1.0_r4_n400,1,1,4
sim01_d1.0_meta1.0_r4_n400,0,0,2
sim01_d1.0_meta1.0_r4_n400,1,1,2
sim01_d1.0_meta1.0_r4_n400,0,0,2
sim01_d1.0_meta1.0_r4_n400,0,0,2
sim01_d1.0_meta1.0_r4_n400,0,1,3
sim01_d1.0_meta1.0_r4_n400,1,0,2
sim01_d1.0_meta1.0_r4_n400,1,0,1
sim01_d1.0_meta1.0_r4_n400,1,1,3
sim01_d1.0_meta1.0_r4_n400,1,1,2
sim01_d1.0_meta1.0_r4_n400,1,1,3
sim01_d1.0_meta1.0_r4_n400,1,1,1
sim01_d1.0_meta1.0_r4_n400,1,1,2
sim01_d1.0_meta1.0_r4_n400,0,1,1
sim01_d1.0_meta1.0_r4_n400,0,0,4
sim01_d1.0_meta1.0_r4_n400,0,0,1
sim01_d1.0_meta1.0_r4_n400,0,0,2
sim01_d1.0_meta1.0_r4_n400,0,0,2
sim01_d1.0_meta1.0_r4_n400,0,1,3
sim01_d1.0_meta1.0_r4_n400,1,0,1
sim01_d1.0_meta1.0_r4_n400,1,1,1
sim01_d1.0_meta1.0_r4_n400,0,0,2
sim01_d1.0_meta1.0_r4_n400,1,1,3
sim01_d1.0_meta1.0_r4_n400,1,0,2
sim01_d1.0_meta1.0_r4_n400,0,1,3
sim01_d1.0_meta1.0_r4_n400,1,1,4
sim01_d1.0_meta1.0_r4_n400,1,1,1
sim01_d1.0_meta1.0_r4_n400,1,1,1
sim01_d1.0_meta1.0_r4_n400,1,1,2
sim01_d1.0_meta1.0_r4_n400,0,1,1
sim01_d1.0_meta1.0_r4_n400,1,0,1
sim01_d1.0_meta1.0_r4_n400,1,0,1
sim01_d1.0_meta1.0_r4_n400,0,0,1
sim01_d1.0_meta1.0_r4_n400,1,1,2
sim01_d1.0_meta1.0_r4_n400,1,1,4
sim01_d1.0_meta1.0_r4_n400,1,1,4
sim01_d1.0_meta1.0_r4_n400,0,0,1
sim01_d1.0_meta1.0_r4_n400,1,1,2
sim01_d1.0_meta1.0_r4_n400,1,0,3
sim01_d1.0_meta1.0_r4_n400,0,1,2
sim01_d1.0_meta1.0_r4_n400,1,1,4
sim01_d1.0_meta1.0_r4_n400,1,1,2
sim01_d1.0_meta1.0_r4_n400,0,0,2
sim01_d1.0_meta1.0_r4_n400,1,0,2
sim01_d1.0_meta1.0_r4_n400,1,1,4
sim01_d1.0_meta1.0_r4_n400,0,0,3
sim01_d1.0_meta1.0_r4_n400,0,1,1
sim01_d1.0_meta1.0_r4_n400,1,0,2
sim01_d1.0_meta1.0_r4_n400,0,1,1
sim01_d1.0_meta1.0_r4_n400,0,0,3
sim01_d1.0_meta1.0_r4_n400,1,1,2
sim01_d1.0_meta1.0_r4_n400,1,1,2
sim01_d1.0_meta1.0_r4_n400,0,0,4
sim01_d1.0_meta1.0_r4_n400,1,1,2
sim01_d1.0_meta1.0_r4_n400,1,0,1
sim01_d1.0_meta1.0_r4_n400,1,0,3
sim01_d1.0_meta1.0_r4_n400,0,0,2
sim01_d1.0_meta1.0_r4_n400,0,0,1
sim01_d1.0_meta1.0_r4_n400,0,0,2
sim01_d1.0_meta1.0_r4_n400,1,0,1
sim01_d1.0_meta1.0_r4_n400,0,0,1
sim01_d1.0_meta1.0_r4_n400,0,0,1
sim01_d1.0_meta1.0_r4_n400,0,0,1
sim01_d1.0_meta1.0_r4_n400,0,1,1
sim01_d1.0_meta1.0_r4_n400,0,0,1
sim01_d1.0_meta1.0_r4_n400,1,1,4
sim01_d1.0_meta1.0_r4_n400,0,1,1
sim01_d1.0_meta1.0_r4_n400,0,0,1
sim01_d1.0_meta1.0_r4_n400,0,1,1
sim01_d1.0_meta1.0_r4_n400,1,1,1
sim01_d1.0_meta1.0_r4_n400,0,0,2
sim01_d1.0_meta1.0_r4_n400,1,1,2
sim01_d1.0_meta1.0_r4_n400,0,0,3
sim01_d1.0_meta1.0_r4_n400,0,0,4
sim01_d1.0_meta1.0_r4_n400,1,0,4
sim01_d1.0_meta1.0_r4_n400,0,0,3
sim01_d1.0_meta1.0_r4_n400,1,1,4
sim01_d1.0_meta1.0_r4_n400,0,0,3
sim01_d1.0_meta1.0_r4_n400,0,0,4
sim01_d1.0_meta1.0_r4_n400,0,0,2
sim01_d1.0_meta1.0_r4_n400,0,0,3
sim01_d1.0_meta1.0_r4_n400,0,1,2
sim01_d1.0_meta1.0_r4_n400,1,1,4
sim01_d1.0_meta1.0_r4_n400,0,0,4
sim01_d1.0_meta1.0_r4_n400,1,1,1
sim01_d1.0_meta1.0_r4_n400,1,0,3
sim01_d1.0_meta1.0_r4_n400,0,0,1
sim01_d1.0_meta1.0_r4_n400,0,0,3
sim01_d1.0_meta1.0_r4_n400,1,0,2
sim01_d1.0_meta1.0_r4_n400,1,1,3
sim01_d1.0_meta1.0_r4_n400,1,0,1
sim01_d1.0_meta1.0_r4_n400,1,0,1
sim01_d1.0_meta1.0_r4_n400,1,0,2
sim01_d1.0_meta1.0_r4_n400,0,0,4
sim01_d1.0_meta1.0_r4_n400,1,0,2
sim01_d1.0_meta1.0_r4_n400,0,1,4
sim01_d1.0_meta1.0_r4_n400,0,0,4
sim01_d1.0_meta1.0_r4_n400,0,0,3
sim01_d1.0_meta1.0_r4_n400,0,1,1
sim01_d1.0_meta1.0_r4_n400,1,1,4
sim01_d1.0_meta1.0_r4_n400,0,1,2
sim01_d1.0_meta1.0_r4_n400,1,1,2
sim01_d1.0_meta1.0_r4_n400,0,0,2
sim01_d1.0_meta1.0_r4_n400,0,1,2
sim01_d1.0_meta1.0_r4_n400,0,0,1
sim01_d1.0_meta1.0_r4_n400,1,1,1
sim01_d1.0_meta1.0_r4_n400,1,1,1
sim01_d1.0_meta1.0_r4_n400,1,1,4
sim01_d1.0_meta1.0_r4_n400,0,1,1
sim01_d1.0_meta1.0_r4_n400,1,0,1
sim01_d1.0_meta1.0_r4_n400,1,1,4
sim01_d1.0_meta1.0_r4_n400,0,0,4
sim01_d1.0_meta1.0_r4_n400,0,0,4
sim01_d1.0_meta1.0_r4_n400,1,1,2
sim01_d1.0_meta1.0_r4_n400,1,0,1
sim01_d1.0_meta1.0_r4_n400,0,1,1
sim01_d1.0_meta1.0_r4_n400,1,1,4
sim01_d1.0_meta1.0_r4_n400,1,1,4
sim01_d1.0_meta1.0_r4_n400,0,0,4
sim01_d1.0_meta1.0_r4_n400,0,0,4
sim01_d1.0_meta1.0_r4_n400,1,0,1
sim01_d1.0_meta1.0_r4_n400,1,0,1
sim01_d1.0_meta1.0_r4_n400,0,0,1
sim01_d1.0_meta1.0_r4_n400,0,0,3
sim01_d1.0_meta1.0_r4_n400,1,1,1
sim01_d1.0_meta1.0_r4_n400,0,0,3
sim01_d1.0_meta1.0_r4_n400,1,1,4
sim01_d1.0_meta1.0_r4_n400,0,1,2
sim01_d1.0_meta1.0_r4_n400,0,0,1
sim01_d1.0_meta1.0_r4_n400,1,1,1
sim01_d1.0_meta1.0_r4_n400,1,1,3
sim01_d1.0_meta1.0_r4_n400,0,1,1
sim01_d1.0_meta1.0_r4_n400,1,1,2
sim01_d1.0_meta1.0_r4_n400,0,0,1
sim01_d1.0_meta1.0_r4_n400,1,1,1
sim01_d1.0_meta1.0_r4_n400,0,0,2
sim01_d1.0_meta1.0_r4_n400,0,1,1
sim01_d1.0_meta1.0_r4_n400,0,0,2
sim01_d1.0_meta1.0_r4_n400,1,1,3
sim01_d1.0_meta1.0_r4_n400,1,1,3
sim01_d1.0_meta1.0_r4_n400,1,0,2
sim01_d1.0_meta1.0_r4_n400,0,0,3
sim01_d1.0_meta1.0_r4_n400,0,0,1
sim01_d1.0_meta1.0_r4_n400,1,1,2
sim01_d1.0_meta1.0_r4_n400,1,1,3
sim01_d1.0_meta1.0_r4_n400,0,0,3
sim01_d1.0_meta1.0_r4_n400,0,1,1
sim01_d1.0_meta1.0_r4_n400,0,0,4
sim01_d1.0_meta1.0_r4_n400,0,1,1
sim01_d1.0_meta1.0_r4_n400,0,0,4
sim01_d1.0_meta1.0_r4_n400,1,1,4
sim01_d1.0_meta1.0_r4_n400,0,0,3
sim01_d1.0_meta1.0_r4_n400,0,0,1
sim01_d1.0_meta1.0_r4_n400,0,0,2
sim01_d1.0_meta1.0_r4_n400,0,0,2
sim01_d1.0_meta1.0_r4_n400,0,1,3
sim01_d1.0_meta1.0_r4_n400,1,1,1
sim01_d1.0_meta1.0_r4_n400,1,0,1
sim01_d1.0_meta1.0_r4_n400,1,0,3
sim01_d1.0_meta1.0_r4_n400,0,1,3
sim01_d1.0_meta1.0_r4_n400,0,0,3
sim01_d1.0_meta1.0_r4_n400,0,0,1
sim01_d1.0_meta1.0_r4_n400,1,1,1
sim01_d1.0_meta1.0_r4_n400,1,0,3
sim01_d1.0_meta1.0_r4_n400,1,0,1
sim01_d1.0_meta1.0_r4_n400,0,0,4
sim01_d1.0_meta1.0_r4_n400,1,1,3
sim01_d1.0_meta1.0_r4_n400,1,0,1
sim01_d1.0_meta1.0_r4_n400,1,1,3
sim01_d1.0_meta1.0_r4_n400,1,1,2
sim01_d1.0_meta1.0_r4_n400,0,0,4
sim01_d1.0_meta1.0_r4_n400,1,1,2
sim01_d1.0_meta1.0_r4_n400,0,0,3
sim01_d1.0_meta1.0_r4_n400,1,1,1
sim01_d1.0_meta1.0_r4_n400,0,0,2
sim01_d1.0_meta1.0_r4_n400,1,0,1
sim01_d1.0_meta1.0_r4_n400,1,1,2
sim01_d1.0_meta1.0_r4_n400,0,0,4
sim01_d1.0_meta1.0_r4_n400,1,1,3
sim01_d1.0_meta1.0_r4_n400,0,1,1
sim01_d1.0_meta1.0_r4_n400,0,1,1
sim01_d1.0_meta1.0_r4_n400,1,1,3
sim01_d1.0_meta1.0_r4_n400,0,0,1
sim01_d1.0_meta1.0_r4_n400,1,0,1
sim01_d1.0_meta1.0_r4_n400,1,1,4
sim01_d1.0_meta1.0_r4_n400,0,0,2
sim01_d1.0_meta1.0_r4_n400,0,0,2
sim01_d1.0_meta1.0_r4_n400,1,0,1
sim01_d1.0_meta1.0_r4_n400,1,1,3
sim01_d1.0_meta1.0_r4_n400,0,1,3
sim01_d1.0_meta1.0_r4_n400,0,1,1
sim01_d1.0_meta1.0_r4_n400,1,1,2
sim01_d1.0_meta1.0_r4_n400,0,0,2
sim01_d1.0_meta1.0_r4_n400,1,1,3
sim01_d1.0_meta1.0_r4_n400,0,1,1
sim01_d1.0_meta1.0_r4_n400,1,1,1
sim01_d1.0_meta1.0_r4_n400,1,1,1
sim01_d1.0_meta1.0_r4_n400,1,0,1
sim01_d1.0_meta1.0_r4_n400,1,1,2
sim01_d1.0_meta1.0_r4_n400,0,0,1
sim01_d1.0_meta1.0_r4_n400,0,0,1
sim01_d1.0_meta1.0_r4_n400,0,0,4
sim01_d1.0_meta1.0_r4_n400,1,1,3
sim01_d1.0_meta1.0_r4_n400,0,1,2
sim01_d1.0_meta1.0_r4_n400,1,1,1
sim01_d1.0_meta1.0_r4_n400,1,1,3
sim01_d1.0_meta1.0_r4_n400,1,0,2
sim01_d1.0_meta1.0_r4_n400,0,0,4
sim01_d1.0_meta1.0_r4_n400,1,1,1
sim01_d1.0_meta1.0_r4_n400,0,0,4
sim01_d1.0_meta1.0_r4_n400,1,0,1
sim01_d1.0_meta1.0_r4_n400,1,1,2
sim01_d1.0_meta1.0_r4_n400,1,0,1
sim01_d1.0_meta1.0_r4_n400,1,1,1
sim01_d1.0_meta1.0_r4_n400,1,1,4
sim01_d1.0_meta1.0_r4_n400,0,0,2
sim01_d1.0_meta1.0_r4_n400,1,1,1
sim01_d1.0_meta1.0_r4_n400,1,1,2
sim01_d1.0_meta1.0_r4_n400,0,0,2
sim01_d1.0_meta1.0_r4_n400,0,1,4
sim01_d1.0_meta1.0_r4_n400,0,0,2
sim01_d1.0_meta1.0_r4_n400,0,0,3
sim01_d1.0_meta1.0_r4_n400,1,1,2
sim01_d1.0_meta1.0_r4_n400,1,1,4
sim01_d1.0_meta1.0_r4_n400,0,0,4
sim01_d1.0_meta1.0_r4_n400,0,0,2
sim01_d1.0_meta1.0_r4_n400,0,0,2
sim01_d1.0_meta1.0_r4_n400,0,1,1
sim01_d1.0_meta1.0_r4_n400,1,0,3
sim01_d1.0_meta1.0_r4_n400,0,1,1
sim01_d1.0_meta1.0_r4_n400,1,1,2
sim01_d1.0_meta1.0_r4_n400,0,0,1
sim01_d1.0_meta1.0_r4_n400,0,0,2
sim01_d1.0_meta1.0_r4_n400,1,1,4
sim01_d1.0_meta1.0_r4_n400,1,1,2
sim01_d1.0_meta1.0_r4_n400,0,0,4
sim01_d1.0_meta1.0_r4_n400,0,1,2
sim01_d1.0_meta1.0_r4_n400,1,0,2
sim01_d1.0_meta1.0_r4_n400,0,0,2
sim01_d1.0_meta1.0_r4_n400,0,0,1
sim01_d1.0_meta1.0_r4_n400,1,1,4
sim01_d1.0_meta1.0_r4_n400,0,1,1
sim01_d1.0_meta1.0_r4_n400,0,0,4
sim01_d1.0_meta1.0_r4_n400,1,1,1
sim01_d1.0_meta1.0_r4_n400,1,1,4
sim01_d1.0_meta1.0_r4_n400,1,1,2
sim01_d1.0_meta1.0_r4_n400,0,0,3
sim01_d1.0_meta1.0_r4_n400,1,0,1
sim01_d1.0_meta1.0_r4_n400,1,1,2
sim01_d1.0_meta1.0_r4_n400,1,1,1
sim01_d1.0_meta1.0_r4_n400,1,1,3
sim01_d1.0_meta1.0_r4_n400,1,1,4
sim01_d1.0_meta1.0_r4_n400,0,1,1
sim01_d1.0_meta1.0_r4_n400,0,1,1
sim01_d1.0_meta1.0_r4_n400,1,0,1
sim01_d1.0_meta1.0_r4_n400,1,1,2
sim01_d1.0_meta1.0_r4_n400,1,1,1
sim01_d1.0_meta1.0_r4_n400,1,1,4
sim01_d1.0_meta1.0_r4_n400,1,0,1
sim01_d1.0_meta1.0_r4_n400,0,0,4
sim01_d1.0_meta1.0_r4_n400,1,0,1
sim01_d1.0_meta1.0_r4_n400,0,1,3
sim02_d1.5_meta1.5_r4_n400,0,0,3
sim02_d1.5_meta1.5_r4_n400,0,1,1
sim02_d1.5_meta1.5_r4_n400,0,1,1
sim02_d1.5_meta1.5_r4_n400,1,0,1
sim02_d1.5_meta1.5_r4_n400,0,1,4
sim02_d1.5_meta1.5_r4_n400,0,0,3
sim02_d1.5_meta1.5_r4_n400,1,1,1
sim02_d1.5_meta1.5_r4_n400,0,0,2
sim02_d1.5_meta1.5_r4_n400,0,1,2
sim02_d1.5_meta1.5_r4_n400,1,1,1
sim02_d1.5_meta1.5_r4_n400,0,1,2
sim02_d1.5_meta1.5_r4_n400,0,0,2
sim02_d1.5_meta1.5_r4_n400,1,1,4
sim02_d1.5_meta1.5_r4_n400,0,0,2
sim02_d1.5_meta1.5_r4_n400,1,1,2
sim02_d1.5_meta1.5_r4_n400,0,0,4
sim02_d1.5_meta1.5_r4_n400,1,1,3
sim02_d1.5_meta1.5_r4_n400,1,1,3
sim02_d1.5_meta1.5_r4_n400,0,1,2
sim02_d1.5_meta1.5_r4_n400,1,1,4
sim02_d1.5_meta1.5_r4_n400,1,1,1
sim02_d1.5_meta1.5_r4_n400,0,0,1
sim02_d1.5_meta1.5_r4_n400,1,1,2
sim02_d1.5_meta1.5_r4_n400,0,1,1
sim02_d1.5_meta1.5_r4_n400,1,1,2
sim02_d1.5_meta1.5_r4_n400,1,1,4
sim02_d1.5_meta1.5_r4_n400,1,1,4
sim02_d1.5_meta1.5_r4_n400,0,1,1
sim02_d1.5_meta1.5_r4_n400,1,1,4
sim02_d1.5_meta1.5_r4_n400,1,0,1
sim02_d1.5_meta1.5_r4_n400,0,0,1
sim02_d1.5_meta1.5_r4_n400,1,1,2
sim02_d1.5_meta1.5_r4_n400,1,0,2
sim02_d1.5_meta1.5_r4_n400,1,0,1
sim02_d1.5_meta1.5_r4_n400,1,0,1
sim02_d1.5_meta1.5_r4_n400,0,0,2
sim02_d1.5_meta1.5_r4_n400,0,0,2
sim02_d1.5_meta1.5_r4_n400,0,0,4
sim02_d1.5_meta1.5_r4_n400,1,1,2
sim02_d1.5_meta1.5_r4_n400,0,1,1
sim02_d1.5_meta1.5_r4_n400,0,1,1
sim02_d1.5_meta1.5_r4_n400,0,0,2
sim02_d1.5_meta1.5_r4_n400,1,1,2
sim02_d1.5_meta1.5_r4_n400,0,0,1
sim02_d1.5_meta1.5_r4_n400,1,1,4
sim02_d1.5_meta1.5_r4_n400,1,1,1
sim02_d1.5_meta1.5_r4_n400,1,1,2
sim02_d1.5_meta1.5_r4_n400,1,1,2
sim02_d1.5_meta1.5_r4_n400,1,1,4
sim02_d1.5_meta1.5_r4_n400,0,0,1
sim02_d1.5_meta1.5_r4_n400,0,0,2
sim02_d1.5_meta1.5_r4_n400,0,0,4
sim02_d1.5_meta1.5_r4_n400,1,0,1
sim02_d1.5_meta1.5_r4_n400,0,0,3
sim02_d1.5_meta1.5_r4_n400,1,1,2
sim02_d1.5_meta1.5_r4_n400,1,1,4
sim02_d1.5_meta1.5_r4_n400,1,1,2
sim02_d1.5_meta1.5_r4_n400,0,1,1
sim02_d1.5_meta1.5_r4_n400,0,0,3
sim02_d1.5_meta1.5_r4_n400,0,1,1
sim02_d1.5_meta1.5_r4_n400,0,0,3
sim02_d1.5_meta1.5_r4_n400,1,1,1
sim02_d1.5_meta1.5_r4_n400,1,1,1
sim02_d1.5_meta1.5_r4_n400,0,1,3
sim02_d1.5_meta1.5_r4_n400,1,0,2
sim02_d1.5_meta1.5_r4_n400,0,1,1
sim02_d1.5_meta1.5_r4_n400,0,0,2
sim02_d1.5_meta1.5_r4_n400,1,1,1
sim02_d1.5_meta1.5_r4_n400,0,0,3
sim02_d1.5_meta1.5_r4_n400,0,1,1
sim02_d1.5_meta1.5_r4_n400,0,1,1
sim02_d1.5_meta1.5_r4_n400,0,0,4
sim02_d1.5_meta1.5_r4_n400,0,0,1
sim02_d1.5_meta1.5_r4_n400,0,0,1
sim02_d1.5_meta1.5_r4_n400,1,1,4
sim02_d1.5_meta1.5_r4_n400,0,0,3
sim02_d1.5_meta1.5_r4_n400,1,1,1
sim02_d1.5_meta1.5_r4_n400,0,0,4
sim02_d1.5_meta1.5_r4_n400,0,0,4
sim02_d1.5_meta1.5_r4_n400,0,0,2
sim02_d1.5_meta1.5_r4_n400,1,1,4
sim02_d1.5_meta1.5_r4_n400,1,1,4
sim02_d1.5_meta1.5_r4_n400,0,0,3
sim02_d1.5_meta1.5_r4_n400,1,0,3
sim02_d1.5_meta1.5_r4_n400,1,0,1
sim02_d1.5_meta1.5_r4_n400,1,1,3
sim02_d1.5_meta1.5_r4_n400,1,1,1
sim02_d1.5_meta1.5_r4_n400,1,0,1
sim02_d1.5_meta1.5_r4_n400,0,0,2
sim02_d1.5_meta1.5_r4_n400,1,1,2
sim02_d1.5_meta1.5_r4_n400,1,1,4
sim02_d1.5_meta1.5_r4_n400,1,1,3
sim02_d1.5_meta1.5_r4_n400,0,1,1
sim02_d1.5_meta1.5_r4_n400,0,0,3
sim02_d1.5_meta1.5_r4_n400,1,0,1
sim02_d1.5_meta1.5_r4_n400,1,0,2
sim02_d1.5_meta1.5_r4_n400,1,1,4
sim02_d1.5_meta1.5_r4_n400,0,0,4
sim02_d1.5_meta1.5_r4_n400,1,1,3
sim02_d1.5_meta1.5_r4_n400,0,0,4
sim02_d1.5_meta1.5_r4_n400,0,0,4
sim02_d1.5_meta1.5_r4_n400,1,0,2
sim02_d1.5_meta1.5_r4_n400,0,0,3
sim02_d1.5_meta1.5_r4_n400,1,1,2
sim02_d1.5_meta1.5_r4_n400,1,1,4
sim02_d1.5_meta1.5_r4_n400,0,0,3
sim02_d1.5_meta1.5_r4_n400,0,0,3
sim02_d1.5_meta1.5_r4_n400,1,1,2
sim02_d1.5_meta1.5_r4_n400,0,0,1
sim02_d1.5_meta1.5_r4_n400,0,0,4
sim02_d1.5_meta1.5_r4_n400,1,1,4
sim02_d1.5_meta1.5_r4_n400,0,0,4
sim02_d1.5_meta1.5_r4_n400,0,0,4
sim02_d1.5_meta1.5_r4_n400,0,0,4
sim02_d1.5_meta1.5_r4_n400,1,1,2
sim02_d1.5_meta1.5_r4_n400,0,0,4
sim02_d1.5_meta1.5_r4_n400,0,0,1
sim02_d1.5_meta1.5_r4_n400,1,1,1
sim02_d1.5_meta1.5_r4_n400,1,1,4
sim02_d1.5_meta1.5_r4_n400,0,0,4
sim02_d1.5_meta1.5_r4_n400,0,0,3
sim02_d1.5_meta1.5_r4_n400,1,1,4
sim02_d1.5_meta1.5_r4_n400,1,0,2
sim02_d1.5_meta1.5_r4_n400,0,0,4
sim02_d1.5_meta1.5_r4_n400,0,1,1
sim02_d1.5_meta1.5_r4_n400,1,1,4
sim02_d1.5_meta1.5_r4_n400,1,1,3
sim02_d1.5_meta1.5_r4_n400,0,0,4
sim02_d1.5_meta1.5_r4_n400,1,1,2
sim02_d1.5_meta1.5_r4_n400,1,0,2
sim02_d1.5_meta1.5_r4_n400,1,1,1
sim02_d1.5_meta1.5_r4_n400,0,0,3
sim02_d1.5_meta1.5_r4_n400,1,1,1
sim02_d1.5_meta1.5_r4_n400,1,0,2
sim02_d1.5_meta1.5_r4_n400,0,0,4
sim02_d1.5_meta1.5_r4_n400,1,1,3
sim02_d1.5_meta1.5_r4_n400,1,0,1
sim02_d1.5_meta1.5_r4_n400,1,1,4
sim02_d1.5_meta1.5_r4_n400,1,1,3
sim02_d1.5_meta1.5_r4_n400,1,1,1
sim02_d1.5_meta1.5_r4_n400,1,1,2
sim02_d1.5_meta1.5_r4_n400,1,1,4
sim02_d1.5_meta1.5_r4_n400,1,0,2
sim02_d1.5_meta1.5_r4_n400,1,1,3
sim02_d1.5_meta1.5_r4_n400,1,1,1
sim02_d1.5_meta1.5_r4_n400,1,1,1
sim02_d1.5_meta1.5_r4_n400,1,1,1
sim02_d1.5_meta1.5_r4_n400,0,0,4
sim02_d1.5_meta1.5_r4_n400,1,1,3
sim02_d1.5_meta1.5_r4_n400,0,0,2
sim02_d1.5_meta1.5_r4_n400,1,1,4
sim02_d1.5_meta1.5_r4_n400,0,0,1
sim02_d1.5_meta1.5_r4_n400,0,1,2
sim02_d1.5_meta1.5_r4_n400,1,1,1
sim02_d1.5_meta1.5_r4_n400,1,0,3
sim02_d1.5_meta1.5_r4_n400,1,1,1
sim02_d1.5_meta1.5_r4_n400,1,1,2
sim02_d1.5_meta1.5_r4_n400,0,0,3
sim02_d1.5_meta1.5_r4_n400,0,0,4
sim02_d1.5_meta1.5_r4_n400,0,0,1
sim02_d1.5_meta1.5_r4_n400,1,1,1
sim02_d1.5_meta1.5_r4_n400,1,1,1
sim02_d1.5_meta1.5_r4_n400,0,0,1
sim02_d1.5_meta1.5_r4_n400,1,1,1
sim02_d1.5_meta1.5_r4_n400,0,0,1
sim02_d1.5_meta1.5_r4_n400,0,0,1
sim02_d1.5_meta1.5_r4_n400,1,1,4
sim02_d1.5_meta1.5_r4_n400,1,1,2
sim02_d1.5_meta1.5_r4_n400,0,0,1
sim02_d1.5_meta1.5_r4_n400,1,0,1
sim02_d1.5_meta1.5_r4_n400,0,1,3
sim02_d1.5_meta1.5_r4_n400,1,1,4
sim02_d1.5_meta1.5_r4_n400,0,0,2
sim02_d1.5_meta1.5_r4_n400,0,0,4
sim02_d1.5_meta1.5_r4_n400,1,0,2
sim02_d1.5_meta1.5_r4_n400,0,0,3
sim02_d1.5_meta1.5_r4_n400,0,0,3
sim02_d1.5_meta1.5_r4_n400,1,0,1
sim02_d1.5_meta1.5_r4_n400,0,0,4
sim02_d1.5_meta1.5_r4_n400,1,1,2
sim02_d1.5_meta1.5_r4_n400,0,1,1
sim02_d1.5_meta1.5_r4_n400,1,0,1
sim02_d1.5_meta1.5_r4_n400,1,1,1
sim02_d1.5_meta1.5_r4_n400,0,0,4
sim02_d1.5_meta1.5_r4_n400,0,1,2
sim02_d1.5_meta1.5_r4_n400,0,1,1
sim02_d1.5_meta1.5_r4_n400,1,1,4
sim02_d1.5_meta1.5_r4_n400,0,1,1
sim02_d1.5_meta1.5_r4_n400,1,1,1
sim02_d1.5_meta1.5_r4_n400,1,1,1
sim02_d1.5_meta1.5_r4_n400,0,0,4
sim02_d1.5_meta1.5_r4_n400,1,0,2
sim02_d1.5_meta1.5_r4_n400,1,1,2
sim02_d1.5_meta1.5_r4_n400,1,0,3
sim02_d1.5_meta1.5_r4_n400,0,0,1
sim02_d1.5_meta1.5_r4_n400,0,0,3
sim02_d1.5_meta1.5_r4_n400,0,0,3
sim02_d1.5_meta1.5_r4_n400,1,0,2
sim02_d1.5_meta1.5_r4_n400,0,0,4
sim02_d1.5_meta1.5_r4_n400,0,0,4
sim02_d1.5_meta1.5_r4_n400,0,0,4
sim02_d1.5_meta1.5_r4_n400,1,0,4
sim02_d1.5_meta1.5_r4_n400,1,1,4
sim02_d1.5_meta1.5_r4_n400,1,1,2
sim02_d1.5_meta1.5_r4_n400,1,1,3
sim02_d1.5_meta1.5_r4_n400,0,0,1
sim02_d1.5_meta1.5_r4_n400,0,1,4
sim02_d1.5_meta1.5_r4_n400,0,0,1
sim02_d1.5_meta1.5_r4_n400,0,0,4
sim02_d1.5_meta1.5_r4_n400,1,0,2
sim02_d1.5_meta1.5_r4_n400,1,1,3
sim02_d1.5_meta1.5_r4_n400,1,1,4
sim02_d1.5_meta1.5_r4_n400,0,1,2
sim02_d1.5_meta1.5_r4_n400,0,1,2
sim02_d1.5_meta1.5_r4_n400,1,1,4
sim02_d1.5_meta1.5_r4_n400,1,1,2
sim02_d1.5_meta1.5_r4_n400,1,1,2
sim02_d1.5_meta1.5_r4_n400,0,0,1
sim02_d1.5_meta1.5_r4_n400,0,0,3
sim02_d1.5_meta1.5_r4_n400,0,0,3
sim02_d1.5_meta1.5_r4_n400,0,1,2
sim02_d1.5_meta1.5_r4_n400,1,1,4
sim02_d1.5_meta1.5_r4_n400,0,1,1
sim02_d1.5_meta1.5_r4_n400,0,1,1
sim02_d1.5_meta1.5_r4_n400,0,0,4
sim02_d1.5_meta1.5_r4_n400,0,0,4
sim02_d1.5_meta1.5_r4_n400,1,1,4
sim02_d1.5_meta1.5_r4_n400,1,0,2
sim02_d1.5_meta1.5_r4_n400,0,1,1
sim02_d1.5_meta1.5_r4_n400,0,0,1
sim02_d1.5_meta1.5_r4_n400,0,1,1
sim02_d1.5_meta1.5_r4_n400,1,1,2
sim02_d1.5_meta1.5_r4_n400,0,1,2
sim02_d1.5_meta1.5_r4_n400,0,0,3
sim02_d1.5_meta1.5_r4_n400,0,0,4
sim02_d1.5_meta1.5_r4_n400,0,0,3
sim02_d1.5_meta1.5_r4_n400,1,1,1
sim02_d1.5_meta1.5_r4_n400,1,1,2
sim02_d1.5_meta1.5_r4_n400,1,0,1
sim02_d1.5_meta1.5_r4_n400,0,0,3
sim02_d1.5_meta1.5_r4_n400,0,0,2
sim02_d1.5_meta1.5_r4_n400,1,1,4
sim02_d1.5_meta1.5_r4_n400,0,0,2
sim02_d1.5_meta1.5_r4_n400,0,0,3
sim02_d1.5_meta1.5_r4_n400,0,0,4
sim02_d1.5_meta1.5_r4_n400,1,1,1
sim02_d1.5_meta1.5_r4_n400,1,1,2
sim02_d1.5_meta1.5_r4_n400,0,0,2
sim02_d1.5_meta1.5_r4_n400,1,1,3
sim02_d1.5_meta1.5_r4_n400,1,1,4
sim02_d1.5_meta1.5_r4_n400,0,0,2
sim02_d1.5_meta1.5_r4_n400,1,0,2
sim02_d1.5_meta1.5_r4_n400,0,0,2
sim02_d1.5_meta1.5_r4_n400,0,0,1
sim02_d1.5_meta1.5_r4_n400,1,1,4
sim02_d1.5_meta1.5_r4_n400,0,0,4
sim02_d1.5_meta1.5_r4_n400,0,0,1
sim02_d1.5_meta1.5_r4_n400,1,0,1
sim02_d1.5_meta1.5_r4_n400,1,0,1
sim02_d1.5_meta1.5_r4_n400,0,1,1
sim02_d1.5_meta1.5_r4_n400,0,0,3
sim02_d1.5_meta1.5_r4_n400,0,1,1
sim02_d1.5_meta1.5_r4_n400,0,0,4
sim02_d1.5_meta1.5_r4_n400,1,1,2
sim02_d1.5_meta1.5_r4_n400,0,0,2
sim02_d1.5_meta1.5_r4_n400,0,1,2
sim02_d1.5_meta1.5_r4_n400,0,0,1
sim02_d1.5_meta1.5_r4_n400,0,0,2
sim02_d1.5_meta1.5_r4_n400,0,0,2
sim02_d1.5_meta1.5_r4_n400,1,1,3
sim02_d1.5_meta1.5_r4_n400,0,0,1
sim02_d1.5_meta1.5_r4_n400,1,1,4
sim02_d1.5_meta1.5_r4_n400,1,1,1
sim02_d1.5_meta1.5_r4_n400,1,1,2
sim02_d1.5_meta1.5_r4_n400,0,0,1
sim02_d1.5_meta1.5_r4_n400,1,1,4
sim02_d1.5_meta1.5_r4_n400,0,0,4
sim02_d1.5_meta1.5_r4_n400,1,1,4
sim02_d1.5_meta1.5_r4_n400,1,0,1
sim02_d1.5_meta1.5_r4_n400,1,1,2
sim02_d1.5_meta1.5_r4_n400,0,0,3
sim02_d1.5_meta1.5_r4_n400,1,0,1
sim02_d1.5_meta1.5_r4_n400,1,1,4
sim02_d1.5_meta1.5_r4_n400,0,0,1
sim02_d1.5_meta1.5_r4_n400,1,1,1
sim02_d1.5_meta1.5_r4_n400,0,0,4
sim02_d1.5_meta1.5_r4_n400,1,0,1
sim02_d1.5_meta1.5_r4_n400,0,1,2
sim02_d1.5_meta1.5_r4_n400,0,0,2
sim02_d1.5_meta1.5_r4_n400,1,1,4
sim02_d1.5_meta1.5_r4_n400,0,0,2
sim02_d1.5_meta1.5_r4_n400,1,1,2
sim02_d1.5_meta1.5_r4_n400,1,1,4
sim02_d1.5_meta1.5_r4_n400,1,1,4
sim02_d1.5_meta1.5_r4_n400,1,1,1
sim02_d1.5_meta1.5_r4_n400,1,1,4
sim02_d1.5_meta1.5_r4_n400,1,1,4
sim02_d1.5_meta1.5_r4_n400,0,0,4
sim02_d1.5_meta1.5_r4_n400,1,1,2
sim02_d1.5_meta1.5_r4_n400,0,0,3
sim02_d1.5_meta1.5_r4_n400,0,0,3
sim02_d1.5_meta1.5_r4_n400,0,1,1
sim02_d1.5_meta1.5_r4_n400,0,0,2
sim02_d1.5_meta1.5_r4_n400,0,1,1
sim02_d1.5_meta1.5_r4_n400,0,0,1
sim02_d1.5_meta1.5_r4_n400,0,0,3
sim02_d1.5_meta1.5_r4_n400,1,1,3
sim02_d1.5_meta1.5_r4_n400,0,0,1
sim02_d1.5_meta1.5_r4_n400,1,0,1
sim02_d1.5_meta1.5_r4_n400,0,1,1
sim02_d1.5_meta1.5_r4_n400,1,1,2
sim02_d1.5_meta1.5_r4_n400,1,1,4
sim02_d1.5_meta1.5_r4_n400,1,1,4
sim02_d1.5_meta1.5_r4_n400,1,1,3
sim02_d1.5_meta1.5_r4_n400,1,1,1
sim02_d1.5_meta1.5_r4_n400,1,1,4
sim02_d1.5_meta1.5_r4_n400,0,0,2
sim02_d1.5_meta1.5_r4_n400,0,1,2
sim02_d1.5_meta1.5_r4_n400,1,0,1
sim02_d1.5_meta1.5_r4_n400,0,1,1
sim02_d1.5_meta1.5_r4_n400,0,0,1
sim02_d1.5_meta1.5_r4_n400,0,0,2
sim02_d1.5_meta1.5_r4_n400,0,0,4
sim02_d1.5_meta1.5_r4_n400,0,1,2
sim02_d1.5_meta1.5_r4_n400,1,1,4
sim02_d1.5_meta1.5_r4_n400,1,1,1
sim02_d1.5_meta1.5_r4_n400,0,0,2
sim02_d1.5_meta1.5_r4_n400,0,0,2
sim02_d1.5_meta1.5_r4_n400,0,0,3
sim02_d1.5_meta1.5_r4_n400,1,1,1
sim02_d1.5_meta1.5_r4_n400,1,0,1
sim02_d1.5_meta1.5_r4_n400,1,1,1
sim02_d1.5_meta1.5_r4_n400,1,1,4
sim02_d1.5_meta1.5_r4_n400,0,0,3
sim02_d1.5_meta1.5_r4_n400,1,1,4
sim02_d1.5_meta1.5_r4_n400,1,1,3
sim02_d1.5_meta1.5_r4_n400,0,0,1
sim02_d1.5_meta1.5_r4_n400,1,1,1
sim02_d1.5_meta1.5_r4_n400,0,0,2
sim02_d1.5_meta1.5_r4_n400,1,0,2
sim02_d1.5_meta1.5_r4_n400,0,0,3
sim02_d1.5_meta1.5_r4_n400,0,0,4
sim02_d1.5_meta1.5_r4_n400,0,0,1
sim02_d1.5_meta1.5_r4_n400,0,0,2
sim02_d1.5_meta1.5_r4_n400,1,1,4
sim02_d1.5_meta1.5_r4_n400,0,1,1
sim02_d1.5_meta1.5_r4_n400,1,1,4
sim02_d1.5_meta1.5_r4_n400,1,0,1
sim02_d1.5_meta1.5_r4_n400,1,1,2
sim02_d1.5_meta1.5_r4_n400,1,1,4
sim02_d1.5_meta1.5_r4_n400,1,1,4
sim02_d1.5_meta1.5_r4_n400,0,0,2
sim02_d1.5_meta1.5_r4_n400,0,0,2
sim02_d1.5_meta1.5_r4_n400,1,1,2
sim02_d1.5_meta1.5_r4_n400,1,1,3
sim02_d1.5_meta1.5_r4_n400,1,1,3
sim02_d1.5_meta1.5_r4_n400,1,0,1
sim02_d1.5_meta1.5_r4_n400,0,0,3
sim02_d1.5_meta1.5_r4_n400,1,1,1
sim02_d1.5_meta1.5_r4_n400,1,1,4
sim02_d1.5_meta1.5_r4_n400,1,1,1
sim02_d1.5_meta1.5_r4_n400,1,1,3
sim02_d1.5_meta1.5_r4_n400,1,1,3
sim02_d1.5_meta1.5_r4_n400,0,0,1
sim02_d1.5_meta1.5_r4_n400,0,1,3
sim02_d1.5_meta1.5_r4_n400,0,0,4
sim02_d1.5_meta1.5_r4_n400,1,0,2
sim02_d1.5_meta1.5_r4_n400,1,1,1
sim02_d1.5_meta1.5_r4_n400,1,1,2
sim02_d1.5_meta1.5_r4_n400,0,0,4
sim02_d1.5_meta1.5_r4_n400,0,0,4
sim02_d1.5_meta1.5_r4_n400,0,0,4
sim02_d1.5_meta1.5_r4_n400,0,0,3
sim02_d1.5_meta1.5_r4_n400,0,0,3
sim02_d1.5_meta1.5_r4_n400,0,0,2
sim02_d1.5_meta1.5_r4_n400,0,0,4
sim02_d1.5_meta1.5_r4_n400,0,0,4
sim02_d1.5_meta1.5_r4_n400,0,0,4
sim02_d1.5_meta1.5_r4_n400,0,0,3
sim02_d1.5_meta1.5_r4_n400,1,0,1
sim02_d1.5_meta1.5_r4_n400,0,0,4
sim02_d1.5_meta1.5_r4_n400,1,1,1
sim02_d1.5_meta1.5_r4_n400,0,0,2
sim02_d1.5_meta1.5_r4_n400,0,0,4
sim02_d1.5_meta1.5_r4_n400,1,1,4
sim02_d1.5_meta1.5_r4_n400,1,1,2
sim02_d1.5_meta1.5_r4_n400,1,1,4
sim02_d1.5_meta1.5_r4_n400,1,1,2
sim02_d1.5_meta1.5_r4_n400,1,1,4
sim02_d1.5_meta1.5_r4_n400,1,1,4
sim02_d1.5_meta1.5_r4_n400,0,0,3
sim02_d1.5_meta1.5_r4_n400,0,0,4
sim02_d1.5_meta1.5_r4_n400,0,0,1
sim02_d1.5_meta1.5_r4_n400,1,0,2
sim02_d1.5_meta1.5_r4_n400,1,1,1
sim02_d1.5_meta1.5_r4_n400,0,0,4
sim02_d1.5_meta1.5_r4_n400,0,0,2
sim02_d1.5_meta1.5_r4_n400,1,1,2
sim02_d1.5_meta1.5_r4_n400,1,1,2
sim02_d1.5_meta1.5_r4_n400,0,0,1
sim03_d2.0_meta2.0_r4_n400,1,1,4
sim03_d2.0_meta2.0_r4_n400,1,1,2
sim03_d2.0_meta2.0_r4_n400,1,0,1
sim03_d2.0_meta2.0_r4_n400,0,0,2
sim03_d2.0_meta2.0_r4_n400,1,1,1
sim03_d2.0_meta2.0_r4_n400,0,0,1
sim03_d2.0_meta2.0_r4_n400,0,0,4
sim03_d2.0_meta2.0_r4_n400,1,1,1
sim03_d2.0_meta2.0_r4_n400,1,1,4
sim03_d2.0_meta2.0_r4_n400,0,1,3
sim03_d2.0_meta2.0_r4_n400,1,0,1
sim03_d2.0_meta2.0_r4_n400,1,1,4
sim03_d2.0_meta2.0_r4_n400,0,0,4
sim03_d2.0_meta2.0_r4_n400,0,0,1
sim03_d2.0_meta2.0_r4_n400,1,1,4
sim03_d2.0_meta2.0_r4_n400,1,1,3
sim03_d2.0_meta2.0_r4_n400,1,1,3
sim03_d2.0_meta2.0_r4_n400,0,1,1
sim03_d2.0_meta2.0_r4_n400,1,1,4
sim03_d2.0_meta2.0_r4_n400,0,0,2
sim03_d2.0_meta2.0_r4_n400,1,1,3
sim03_d2.0_meta2.0_r4_n400,1,1,2
sim03_d2.0_meta2.0_r4_n400,0,0,2
sim03_d2.0_meta2.0_r4_n400,1,1,2
sim03_d2.0_meta2.0_r4_n400,1,1,1
sim03_d2.0_meta2.0_r4_n400,1,1,4
sim03_d2.0_meta2.0_r4_n400,1,1,1
sim03_d2.0_meta2.0_r4_n400,1,1,3
sim03_d2.0_meta2.0_r4_n400,0,0,4
sim03_d2.0_meta2.0_r4_n400,0,1,3
sim03_d2.0_meta2.0_r4_n400,1,1,4
sim03_d2.0_meta2.0_r4_n400,1,1,4
sim03_d2.0_meta2.0_r4_n400,0,1,2
sim03_d2.0_meta2.0_r4_n400,0,0,2
sim03_d2.0_meta2.0_r4_n400,0,0,1
sim03_d2.0_meta2.0_r4_n400,1,0,1
sim03_d2.0_meta2.0_r4_n400,1,1,4
sim03_d2.0_meta2.0_r4_n400,1,1,1
sim03_d2.0_meta2.0_r4_n400,0,0,4
sim03_d2.0_meta2.0_r4_n400,1,1,4
sim03_d2.0_meta2.0_r4_n400,0,0,4
sim03_d2.0_meta2.0_r4_n400,1,1,4
sim03_d2.0_meta2.0_r4_n400,0,0,4
sim03_d2.0_meta2.0_r4_n400,1,1,4
sim03_d2.0_meta2.0_r4_n400,1,0,1
sim03_d2.0_meta2.0_r4_n400,1,1,4
sim03_d2.0_meta2.0_r4_n400,0,0,1
sim03_d2.0_meta2.0_r4_n400,1,0,1
sim03_d2.0_meta2.0_r4_n400,0,0,1
sim03_d2.0_meta2.0_r4_n400,0,0,4
sim03_d2.0_meta2.0_r4_n400,1,0,1
sim03_d2.0_meta2.0_r4_n400,0,1,2
sim03_d2.0_meta2.0_r4_n400,1,1,4
sim03_d2.0_meta2.0_r4_n400,1,1,4
sim03_d2.0_meta2.0_r4_n400,0,0,4
sim03_d2.0_meta2.0_r4_n400,0,0,3
sim03_d2.0_meta2.0_r4_n400,1,0,2
sim03_d2.0_meta2.0_r4_n400,0,1,1
sim03_d2.0_meta2.0_r4_n400,1,1,3
sim03_d2.0_meta2.0_r4_n400,0,0,2
sim03_d2.0_meta2.0_r4_n400,0,0,1
sim03_d2.0_meta2.0_r4_n400,0,0,4
sim03_d2.0_meta2.0_r4_n400,0,0,4
sim03_d2.0_meta2.0_r4_n400,0,0,2
sim03_d2.0_meta2.0_r4_n400,1,1,4
sim03_d2.0_meta2.0_r4_n400,0,0,4
sim03_d2.0_meta2.0_r4_n400,0,1,1
sim03_d2.0_meta2.0_r4_n400,0,0,4
sim03_d2.0_meta2.0_r4_n400,0,1,1
sim03_d2.0_meta2.0_r4_n400,1,1,4
sim03_d2.0_meta2.0_r4_n400,1,1,3
sim03_d2.0_meta2.0_r4_n400,0,0,4
sim03_d2.0_meta2.0_r4_n400,1,1,4
sim03_d2.0_meta2.0_r4_n400,0,0,3
sim03_d2.0_meta2.0_r4_n400,0,0,3
sim03_d2.0_meta2.0_r4_n400,1,1,1
sim03_d2.0_meta2.0_r4_n400,1,1,3
sim03_d2.0_meta2.0_r4_n400,1,1,4
sim03_d2.0_meta2.0_r4_n400,1,1,3
sim03_d2.0_meta2.0_r4_n400,1,1,1
sim03_d2.0_meta2.0_r4_n400,1,1,4
sim03_d2.0_meta2.0_r4_n400,1,1,3
sim03_d2.0_meta2.0_r4_n400,1,0,1
sim03_d2.0_meta2.0_r4_n400,1,1,4
sim03_d2.0_meta2.0_r4_n400,0,0,4
sim03_d2.0_meta2.0_r4_n400,1,1,4
sim03_d2.0_meta2.0_r4_n400,0,0,4
sim03_d2.0_meta2.0_r4_n400,1,1,4
sim03_d2.0_meta2.0_r4_n400,0,0,2
sim03_d2.0_meta2.0_r4_n400,0,1,1
sim03_d2.0_meta2.0_r4_n400,1,1,4
sim03_d2.0_meta2.0_r4_n400,0,1,1
sim03_d2.0_meta2.0_r4_n400,0,0,1
sim03_d2.0_meta2.0_r4_n400,1,1,2
sim03_d2.0_meta2.0_r4_n400,1,1,3
sim03_d2.0_meta2.0_r4_n400,0,0,4
sim03_d2.0_meta2.0_r4_n400,1,1,4
sim03_d2.0_meta2.0_r4_n400,0,0,3
sim03_d2.0_meta2.0_r4_n400,0,0,2
sim03_d2.0_meta2.0_r4_n400,0,0,4
sim03_d2.0_meta2.0_r4_n400,1,1,3
sim03_d2.0_meta2.0_r4_n400,1,0,1
sim03_d2.0_meta2.0_r4_n400,1,1,4
sim03_d2.0_meta2.0_r4_n400,1,1,1
sim03_d2.0_meta2.0_r4_n400,1,1,4
sim03_d2.0_meta2.0_r4_n400,0,0,1
sim03_d2.0_meta2.0_r4_n400,0,0,1
sim03_d2.0_meta2.0_r4_n400,0,0,3
sim03_d2.0_meta2.0_r4_n400,0,0,1
sim03_d2.0_meta2.0_r4_n400,1,1,2
sim03_d2.0_meta2.0_r4_n400,1,0,1
sim03_d2.0_meta2.0_r4_n400,0,1,1
sim03_d2.0_meta2.0_r4_n400,1,0,2
sim03_d2.0_meta2.0_r4_n400,1,0,1
sim03_d2.0_meta2.0_r4_n400,1,0,1
sim03_d2.0_meta2.0_r4_n400,0,0,1
sim03_d2.0_meta2.0_r4_n400,1,1,2
sim03_d2.0_meta2.0_r4_n400,1,1,1
sim03_d2.0_meta2.0_r4_n400,1,1,4
sim03_d2.0_meta2.0_r4_n400,1,1,3
sim03_d2.0_meta2.0_r4_n400,0,1,1
sim03_d2.0_meta2.0_r4_n400,0,0,3
sim03_d2.0_meta2.0_r4_n400,0,0,1
sim03_d2.0_meta2.0_r4_n400,0,1,2
sim03_d2.0_meta2.0_r4_n400,0,0,3
sim03_d2.0_meta2.0_r4_n400,0,0,2
sim03_d2.0_meta2.0_r4_n400,0,0,1
sim03_d2.0_meta2.0_r4_n400,1,1,3
sim03_d2.0_meta2.0_r4_n400,1,1,4
sim03_d2.0_meta2.0_r4_n400,1,1,4
sim03_d2.0_meta2.0_r4_n400,0,0,1
sim03_d2.0_meta2.0_r4_n400,1,1,4
sim03_d2.0_meta2.0_r4_n400,1,1,4
sim03_d2.0_meta2.0_r4_n400,0,0,2
sim03_d2.0_meta2.0_r4_n400,1,1,2
sim03_d2.0_meta2.0_r4_n400,0,0,2
sim03_d2.0_meta2.0_r4_n400,1,0,2
sim03_d2.0_meta2.0_r4_n400,1,1,2
sim03_d2.0_meta2.0_r4_n400,0,0,4
sim03_d2.0_meta2.0_r4_n400,0,0,3
sim03_d2.0_meta2.0_r4_n400,1,1,2
sim03_d2.0_meta2.0_r4_n400,0,0,4
sim03_d2.0_meta2.0_r4_n400,0,0,1
sim03_d2.0_meta2.0_r4_n400,0,0,4
sim03_d2.0_meta2.0_r4_n400,0,0,1
sim03_d2.0_meta2.0_r4_n400,0,0,4
sim03_d2.0_meta2.0_r4_n400,0,0,3
sim03_d2.0_meta2.0_r4_n400,1,1,1
sim03_d2.0_meta2.0_r4_n400,0,0,1
sim03_d2.0_meta2.0_r4_n400,0,1,2
sim03_d2.0_meta2.0_r4_n400,0,0,1
sim03_d2.0_meta2.0_r4_n400,1,1,1
sim03_d2.0_meta2.0_r4_n400,1,1,3
sim03_d2.0_meta2.0_r4_n400,0,0,4
sim03_d2.0_meta2.0_r4_n400,0,0,3
sim03_d2.0_meta2.0_r4_n400,0,0,3
sim03_d2.0_meta2.0_r4_n400,0,0,4
sim03_d2.0_meta2.0_r4_n400,1,0,4
sim03_d2.0_meta2.0_r4_n400,1,1,3
sim03_d2.0_meta2.0_r4_n400,1,0,1
sim03_d2.0_meta2.0_r4_n400,1,0,3
sim03_d2.0_meta2.0_r4_n400,1,1,3
sim03_d2.0_meta2.0_r4_n400,0,0,4
sim03_d2.0_meta2.0_r4_n400,0,0,1
sim03_d2.0_meta2.0_r4_n400,0,0,1
sim03_d2.0_meta2.0_r4_n400,1,1,4
sim03_d2.0_meta2.0_r4_n400,1,0,1
sim03_d2.0_meta2.0_r4_n400,1,1,3
sim03_d2.0_meta2.0_r4_n400,1,1,4
sim03_d2.0_meta2.0_r4_n400,0,0,4
sim03_d2.0_meta2.0_r4_n400,0,0,4
sim03_d2.0_meta2.0_r4_n400,1,1,2
sim03_d2.0_meta2.0_r4_n400,0,0,4
sim03_d2.0_meta2.0_r4_n400,1,1,2
sim03_d2.0_meta2.0_r4_n400,0,0,4
sim03_d2.0_meta2.0_r4_n400,0,0,3
sim03_d2.0_meta2.0_r4_n400,0,0,3
sim03_d2.0_meta2.0_r4_n400,0,0,2
sim03_d2.0_meta2.0_r4_n400,0,1,1
sim03_d2.0_meta2.0_r4_n400,1,0,1
sim03_d2.0_meta2.0_r4_n400,0,0,4
sim03_d2.0_meta2.0_r4_n400,0,0,1
sim03_d2.0_meta2.0_r4_n400,0,1,1
sim03_d2.0_meta2.0_r4_n400,0,0,1
sim03_d2.0_meta2.0_r4_n400,1,1,3
sim03_d2.0_meta2.0_r4_n400,0,0,3
sim03_d2.0_meta2.0_r4_n400,0,1,1
sim03_d2.0_meta2.0_r4_n400,0,1,1
sim03_d2.0_meta2.0_r4_n400,1,1,4
sim03_d2.0_meta2.0_r4_n400,1,1,4
sim03_d2.0_meta2.0_r4_n400,0,0,4
sim03_d2.0_meta2.0_r4_n400,0,0,4
sim03_d2.0_meta2.0_r4_n400,0,0,3
sim03_d2.0_meta2.0_r4_n400,1,1,3
sim03_d2.0_meta2.0_r4_n400,1,1,1
sim03_d2.0_meta2.0_r4_n400,1,1,3
sim03_d2.0_meta2.0_r4_n400,0,0,2
sim03_d2.0_meta2.0_r4_n400,1,1,2
sim03_d2.0_meta2.0_r4_n400,1,1,2
sim03_d2.0_meta2.0_r4_n400,0,0,3
sim03_d2.0_meta2.0_r4_n400,1,0,1
sim03_d2.0_meta2.0_r4_n400,1,1,2
sim03_d2.0_meta2.0_r4_n400,1,1,4
sim03_d2.0_meta2.0_r4_n400,1,1,4
sim03_d2.0_meta2.0_r4_n400,1,1,4
sim03_d2.0_meta2.0_r4_n400,0,0,1
sim03_d2.0_meta2.0_r4_n400,1,1,2
sim03_d2.0_meta2.0_r4_n400,1,1,4
sim03_d2.0_meta2.0_r4_n400,1,1,2
sim03_d2.0_meta2.0_r4_n400,1,1,3
sim03_d2.0_meta2.0_r4_n400,1,1,1
sim03_d2.0_meta2.0_r4_n400,1,1,3
sim03_d2.0_meta2.0_r4_n400,0,0,3
sim03_d2.0_meta2.0_r4_n400,0,0,4
sim03_d2.0_meta2.0_r4_n400,0,0,4
sim03_d2.0_meta2.0_r4_n400,0,0,3
sim03_d2.0_meta2.0_r4_n400,1,1,2
sim03_d2.0_meta2.0_r4_n400,0,0,4
sim03_d2.0_meta2.0_r4_n400,0,0,4
sim03_d2.0_meta2.0_r4_n400,0,1,3
sim03_d2.0_meta2.0_r4_n400,0,0,3
sim03_d2.0_meta2.0_r4_n400,1,1,2
sim03_d2.0_meta2.0_r4_n400,1,1,3
sim03_d2.0_meta2.0_r4_n400,1,0,2
sim03_d2.0_meta2.0_r4_n400,0,1,1
sim03_d2.0_meta2.0_r4_n400,1,1,3
sim03_d2.0_meta2.0_r4_n400,0,1,1
sim03_d2.0_meta2.0_r4_n400,0,0,4
sim03_d2.0_meta2.0_r4_n400,0,0,4
sim03_d2.0_meta2.0_r4_n400,1,1,1
sim03_d2.0_meta2.0_r4_n400,0,0,2
sim03_d2.0_meta2.0_r4_n400,1,1,2
sim03_d2.0_meta2.0_r4_n400,1,1,2
sim03_d2.0_meta2.0_r4_n400,0,0,2
sim03_d2.0_meta2.0_r4_n400,1,1,3
sim03_d2.0_meta2.0_r4_n400,0,1,2
sim03_d2.0_meta2.0_r4_n400,1,0,2
sim03_d2.0_meta2.0_r4_n400,0,0,3
sim03_d2.0_meta2.0_r4_n400,0,0,3
sim03_d2.0_meta2.0_r4_n400,0,0,4
sim03_d2.0_meta2.0_r4_n400,0,0,4
sim03_d2.0_meta2.0_r4_n400,0,0,2
sim03_d2.0_meta2.0_r4_n400,0,0,3
sim03_d2.0_meta2.0_r4_n400,0,0,3
sim03_d2.0_meta2.0_r4_n400,1,1,4
sim03_d2.0_meta2.0_r4_n400,0,0,2
sim03_d2.0_meta2.0_r4_n400,0,0,1
sim03_d2.0_meta2.0_r4_n400,1,1,1
sim03_d2.0_meta2.0_r4_n400,0,0,1
sim03_d2.0_meta2.0_r4_n400,1,1,3
sim03_d2.0_meta2.0_r4_n400,0,0,1
sim03_d2.0_meta2.0_r4_n400,1,1,4
sim03_d2.0_meta2.0_r4_n400,0,0,4
sim03_d2.0_meta2.0_r4_n400,1,1,1
sim03_d2.0_meta2.0_r4_n400,1,1,4
sim03_d2.0_meta2.0_r4_n400,0,0,4
sim03_d2.0_meta2.0_r4_n400,0,0,4
sim03_d2.0_meta2.0_r4_n400,1,1,1
sim03_d2.0_meta2.0_r4_n400,1,1,4
sim03_d2.0_meta2.0_r4_n400,1,1,4
sim03_d2.0_meta2.0_r4_n400,0,0,2
sim03_d2.0_meta2.0_r4_n400,1,1,3
sim03_d2.0_meta2.0_r4_n400,0,0,2
sim03_d2.0_meta2.0_r4_n400,1,1,3
sim03_d2.0_meta2.0_r4_n400,0,0,4
sim03_d2.0_meta2.0_r4_n400,0,0,4
sim03_d2.0_meta2.0_r4_n400,0,0,3
sim03_d2.0_meta2.0_r4_n400,1,0,1
sim03_d2.0_meta2.0_r4_n400,0,0,1
sim03_d2.0_meta2.0_r4_n400,0,0,2
sim03_d2.0_meta2.0_r4_n400,0,0,3
sim03_d2.0_meta2.0_r4_n400,1,0,2
sim03_d2.0_meta2.0_r4_n400,1,1,4
sim03_d2.0_meta2.0_r4_n400,0,0,3
sim03_d2.0_meta2.0_r4_n400,0,0,2
sim03_d2.0_meta2.0_r4_n400,1,1,1
sim03_d2.0_meta2.0_r4_n400,1,1,4
sim03_d2.0_meta2.0_r4_n400,0,0,2
sim03_d2.0_meta2.0_r4_n400,1,0,1
sim03_d2.0_meta2.0_r4_n400,0,0,4
sim03_d2.0_meta2.0_r4_n400,0,0,4
sim03_d2.0_meta2.0_r4_n400,0,0,2
sim03_d2.0_meta2.0_r4_n400,1,0,4
sim03_d2.0_meta2.0_r4_n400,1,1,2
sim03_d2.0_meta2.0_r4_n400,1,1,4
sim03_d2.0_meta2.0_r4_n400,0,1,1
sim03_d2.0_meta2.0_r4_n400,1,1,3
sim03_d2.0_meta2.0_r4_n400,1,1,3
sim03_d2.0_meta2.0_r4_n400,0,0,3
sim03_d2.0_meta2.0_r4_n400,1,1,4
sim03_d2.0_meta2.0_r4_n400,0,1,1
sim03_d2.0_meta2.0_r4_n400,1,1,3
sim03_d2.0_meta2.0_r4_n400,1,1,4
sim03_d2.0_meta2.0_r4_n400,1,0,1
sim03_d2.0_meta2.0_r4_n400,0,0,3
sim03_d2.0_meta2.0_r4_n400,1,1,4
sim03_d2.0_meta2.0_r4_n400,0,0,2
sim03_d2.0_meta2.0_r4_n400,0,0,3
sim03_d2.0_meta2.0_r4_n400,1,1,4
sim03_d2.0_meta2.0_r4_n400,0,0,1
sim03_d2.0_meta2.0_r4_n400,0,0,1
sim03_d2.0_meta2.0_r4_n400,1,1,3
sim03_d2.0_meta2.0_r4_n400,1,1,1
sim03_d2.0_meta2.0_r4_n400,0,0,4
sim03_d2.0_meta2.0_r4_n400,1,1,3
sim03_d2.0_meta2.0_r4_n400,1,1,2
sim03_d2.0_meta2.0_r4_n400,1,1,4
sim03_d2.0_meta2.0_r4_n400,1,1,2
sim03_d2.0_meta2.0_r4_n400,0,0,4
sim03_d2.0_meta2.0_r4_n400,1,1,3
sim03_d2.0_meta2.0_r4_n400,0,0,3
sim03_d2.0_meta2.0_r4_n400,1,1,3
sim03_d2.0_meta2.0_r4_n400,0,0,1
sim03_d2.0_meta2.0_r4_n400,1,1,1
sim03_d2.0_meta2.0_r4_n400,0,0,4
sim03_d2.0_meta2.0_r4_n400,0,0,4
sim03_d2.0_meta2.0_r4_n400,1,1,4
sim03_d2.0_meta2.0_r4_n400,0,0,1
sim03_d2.0_meta2.0_r4_n400,1,1,4
sim03_d2.0_meta2.0_r4_n400,0,1,2
sim03_d2.0_meta2.0_r4_n400,0,0,1
sim03_d2.0_meta2.0_r4_n400,1,1,1
sim03_d2.0_meta2.0_r4_n400,0,0,4
sim03_d2.0_meta2.0_r4_n400,0,0,1
sim03_d2.0_meta2.0_r4_n400,1,1,3
sim03_d2.0_meta2.0_r4_n400,0,1,2
sim03_d2.0_meta2.0_r4_n400,1,1,4
sim03_d2.0_meta2.0_r4_n400,0,0,4
sim03_d2.0_meta2.0_r4_n400,0,0,3
sim03_d2.0_meta2.0_r4_n400,1,1,1
sim03_d2.0_meta2.0_r4_n400,0,1,3
sim03_d2.0_meta2.0_r4_n400,0,0,3
sim03_d2.0_meta2.0_r4_n400,0,0,1
sim03_d2.0_meta2.0_r4_n400,0,0,4
sim03_d2.0_meta2.0_r4_n400,0,0,4
sim03_d2.0_meta2.0_r4_n400,0,0,4
sim03_d2.0_meta2.0_r4_n400,0,0,3
sim03_d2.0_meta2.0_r4_n400,0,0,2
sim03_d2.0_meta2.0_r4_n400,1,1,3
sim03_d2.0_meta2.0_r4_n400,1,1,1
sim03_d2.0_meta2.0_r4_n400,1,1,1
sim03_d2.0_meta2.0_r4_n400,0,0,2
sim03_d2.0_meta2.0_r4_n400,1,1,4
sim03_d2.0_meta2.0_r4_n400,1,1,4
sim03_d2.0_meta2.0_r4_n400,1,1,4
sim03_d2.0_meta2.0_r4_n400,0,1,3
sim03_d2.0_meta2.0_r4_n400,0,1,3
sim03_d2.0_meta2.0_r4_n400,0,0,3
sim03_d2.0_meta2.0_r4_n400,1,1,4
sim03_d2.0_meta2.0_r4_n400,1,1,1
sim03_d2.0_meta2.0_r4_n400,0,0,3
sim03_d2.0_meta2.0_r4_n400,0,0,4
sim03_d2.0_meta2.0_r4_n400,1,1,1
sim03_d2.0_meta2.0_r4_n400,0,0,3
sim03_d2.0_meta2.0_r4_n400,1,0,1
sim03_d2.0_meta2.0_r4_n400,1,1,4
sim03_d2.0_meta2.0_r4_n400,0,0,3
sim03_d2.0_meta2.0_r4_n400,1,1,1
sim03_d2.0_meta2.0_r4_n400,0,1,1
sim03_d2.0_meta2.0_r4_n400,1,1,4
sim03_d2.0_meta2.0_r4_n400,1,1,3
sim03_d2.0_meta2.0_r4_n400,0,0,4
sim03_d2.0_meta2.0_r4_n400,1,0,3
sim03_d2.0_meta2.0_r4_n400,1,1,1
sim03_d2.0_meta2.0_r4_n400,0,0,4
sim03_d2.0_meta2.0_r4_n400,1,1,4
sim03_d2.0_meta2.0_r4_n400,1,1,2
sim03_d2.0_meta2.0_r4_n400,1,1,3
sim03_d2.0_meta2.0_r4_n400,1,1,1
sim03_d2.0_meta2.0_r4_n400,0,0,3
sim03_d2.0_meta2.0_r4_n400,0,0,2
sim03_d2.0_meta2.0_r4_n400,1,1,2
sim03_d2.0_meta2.0_r4_n400,0,1,2
sim03_d2.0_meta2.0_r4_n400,0,0,4
sim03_d2.0_meta2.0_r4_n400,1,0,1
sim03_d2.0_meta2.0_r4_n400,1,0,1
sim03_d2.0_meta2.0_r4_n400,1,1,4
sim03_d2.0_meta2.0_r4_n400,0,0,1
sim03_d2.0_meta2.0_r4_n400,1,1,4
sim03_d2.0_meta2.0_r4_n400,1,1,4
sim03_d2.0_meta2.0_r4_n400,1,1,1
sim03_d2.0_meta2.0_r4_n400,1,1,4
sim03_d2.0_meta2.0_r4_n400,1,1,3
sim03_d2.0_meta2.0_r4_n400,1,1,4
sim03_d2.0_meta2.0_r4_n400,1,1,1
sim03_d2.0_meta2.0_r4_n400,0,1,1
sim03_d2.0_meta2.0_r4_n400,0,0,1
sim03_d2.0_meta2.0_r4_n400,0,0,4
sim03_d2.0_meta2.0_r4_n400,0,0,3
sim03_d2.0_meta2.0_r4_n400,1,1,1
sim03_d2.0_meta2.0_r4_n400,0,0,4
sim03_d2.0_meta2.0_r4_n400,0,0,4
sim03_d2.0_meta2.0_r4_n400,0,0,1
sim03_d2.0_meta2.0_r4_n400,1,0,1
sim03_d2.0_meta2.0_r4_n400,0,0,2
sim03_d2.0_meta2.0_r4_n400,1,1,2
sim03_d2.0_meta2.0_r4_n400,0,0,2
sim03_d2.0_meta2.0_r4_n400,1,1,1
sim03_d2.0_meta2.0_r4_n400,1,1,4
sim03_d2.0_meta2.0_r4_n400,0,0,3
sim04_d1.0_meta0.5_r4_n400,1,1,4
sim04_d1.0_meta0.5_r4_n400,0,0,3
sim04_d1.0_meta0.5_r4_n400,0,0,2
sim04_d1.0_meta0.5_r4_n400,0,0,3
sim04_d1.0_meta0.5_r4_n400,1,1,2
sim04_d1.0_meta0.5_r4_n400,0,0,2
sim04_d1.0_meta0.5_r4_n400,0,1,2
sim04_d1.0_meta0.5_r4_n400,0,0,2
sim04_d1.0_meta0.5_r4_n400,0,0,2
sim04_d1.0_meta0.5_r4_n400,1,0,4
sim04_d1.0_meta0.5_r4_n400,0,1,1
sim04_d1.0_meta0.5_r4_n400,1,0,1
sim04_d1.0_meta0.5_r4_n400,0,0,1
sim04_d1.0_meta0.5_r4_n400,1,1,1
sim04_d1.0_meta0.5_r4_n400,0,0,3
sim04_d1.0_meta0.5_r4_n400,0,0,1
sim04_d1.0_meta0.5_r4_n400,1,1,2
sim04_d1.0_meta0.5_r4_n400,1,1,4
sim04_d1.0_meta0.5_r4_n400,1,0,2
sim04_d1.0_meta0.5_r4_n400,1,1,1
sim04_d1.0_meta0.5_r4_n400,0,1,1
sim04_d1.0_meta0.5_r4_n400,1,0,2
sim04_d1.0_meta0.5_r4_n400,1,1,4
sim04_d1.0_meta0.5_r4_n400,1,1,2
sim04_d1.0_meta0.5_r4_n400,1,1,4
sim04_d1.0_meta0.5_r4_n400,1,1,1
sim04_d1.0_meta0.5_r4_n400,1,1,2
sim04_d1.0_meta0.5_r4_n400,1,0,1
sim04_d1.0_meta0.5_r4_n400,1,1,2
sim04_d1.0_meta0.5_r4_n400,0,0,1
sim04_d1.0_meta0.5_r4_n400,1,1,2
sim04_d1.0_meta0.5_r4_n400,0,1,1
sim04_d1.0_meta0.5_r4_n400,1,0,2
sim04_d1.0_meta0.5_r4_n400,1,1,1
sim04_d1.0_meta0.5_r4_n400,0,1,2
sim04_d1.0_meta0.5_r4_n400,1,1,3
sim04_d1.0_meta0.5_r4_n400,1,1,1
sim04_d1.0_meta0.5_r4_n400,1,1,3
sim04_d1.0_meta0.5_r4_n400,1,0,3
sim04_d1.0_meta0.5_r4_n400,0,0,3
sim04_d1.0_meta0.5_r4_n400,1,1,4
sim04_d1.0_meta0.5_r4_n400,1,0,4
sim04_d1.0_meta0.5_r4_n400,1,1,4
sim04_d1.0_meta0.5_r4_n400,1,1,4
sim04_d1.0_meta0.5_r4_n400,1,1,3
sim04_d1.0_meta0.5_r4_n400,1,0,1
sim04_d1.0_meta0.5_r4_n400,0,0,1
sim04_d1.0_meta0.5_r4_n400,0,0,3
sim04_d1.0_meta0.5_r4_n400,1,1,2
sim04_d1.0_meta0.5_r4_n400,0,1,1
sim04_d1.0_meta0.5_r4_n400,0,1,3
sim04_d1.0_meta0.5_r4_n400,1,0,4
sim04_d1.0_meta0.5_r4_n400,0,0,1
sim04_d1.0_meta0.5_r4_n400,0,1,3
sim04_d1.0_meta0.5_r4_n400,0,0,1
sim04_d1.0_meta0.5_r4_n400,0,0,2
sim04_d1.0_meta0.5_r4_n400,0,0,3
sim04_d1.0_meta0.5_r4_n400,0,1,1
sim04_d1.0_meta0.5_r4_n400,0,0,3
sim04_d1.0_meta0.5_r4_n400,1,1,2
sim04_d1.0_meta0.5_r4_n400,1,1,1
sim04_d1.0_meta0.5_r4_n400,1,1,3
sim04_d1.0_meta0.5_r4_n400,0,0,1
sim04_d1.0_meta0.5_r4_n400,0,0,2
sim04_d1.0_meta0.5_r4_n400,0,1,1
sim04_d1.0_meta0.5_r4_n400,1,1,2
sim04_d1.0_meta0.5_r4_n400,0,0,2
sim04_d1.0_meta0.5_r4_n400,0,1,4
sim04_d1.0_meta0.5_r4_n400,0,0,2
sim04_d1.0_meta0.5_r4_n400,1,1,1
sim04_d1.0_meta0.5_r4_n400,0,0,2
sim04_d1.0_meta0.5_r4_n400,0,1,3
sim04_d1.0_meta0.5_r4_n400,0,1,3
sim04_d1.0_meta0.5_r4_n400,0,1,1
sim04_d1.0_meta0.5_r4_n400,1,1,2
sim04_d1.0_meta0.5_r4_n400,1,1,1
sim04_d1.0_meta0.5_r4_n400,1,1,3
sim04_d1.0_meta0.5_r4_n400,0,1,1
sim04_d1.0_meta0.5_r4_n400,1,0,2
sim04_d1.0_meta0.5_r4_n400,1,0,2
sim04_d1.0_meta0.5_r4_n400,0,0,3
sim04_d1.0_meta0.5_r4_n400,0,0,1
sim04_d1.0_meta0.5_r4_n400,0,1,2
sim04_d1.0_meta0.5_r4_n400,1,0,2
sim04_d1.0_meta0.5_r4_n400,0,1,1
sim04_d1.0_meta0.5_r4_n400,1,1,2
sim04_d1.0_meta0.5_r4_n400,0,0,1
sim04_d1.0_meta0.5_r4_n400,1,0,2
sim04_d1.0_meta0.5_r4_n400,1,1,4
sim04_d1.0_meta0.5_r4_n400,1,0,3
sim04_d1.0_meta0.5_r4_n400,0,0,3
sim04_d1.0_meta0.5_r4_n400,1,1,1
sim04_d1.0_meta0.5_r4_n400,0,0,2
sim04_d1.0_meta0.5_r4_n400,0,1,4
sim04_d1.0_meta0.5_r4_n400,0,0,1
sim04_d1.0_meta0.5_r4_n400,1,1,1
sim04_d1.0_meta0.5_r4_n400,0,1,1
sim04_d1.0_meta0.5_r4_n400,0,0,4
sim04_d1.0_meta0.5_r4_n400,0,0,1
sim04_d1.0_meta0.5_r4_n400,1,0,3
sim04_d1.0_meta0.5_r4_n400,1,0,4
sim04_d1.0_meta0.5_r4_n400,1,0,2
sim04_d1.0_meta0.5_r4_n400,1,1,1
sim04_d1.0_meta0.5_r4_n400,0,0,2
sim04_d1.0_meta0.5_r4_n400,1,1,4
sim04_d1.0_meta0.5_r4_n400,1,1,2
sim04_d1.0_meta0.5_r4_n400,1,1,1
sim04_d1.0_meta0.5_r4_n400,1,1,3
sim04_d1.0_meta0.5_r4_n400,1,1,2
sim04_d1.0_meta0.5_r4_n400,1,0,1
sim04_d1.0_meta0.5_r4_n400,0,0,3
sim04_d1.0_meta0.5_r4_n400,1,1,1
sim04_d1.0_meta0.5_r4_n400,1,0,1
sim04_d1.0_meta0.5_r4_n400,0,1,3
sim04_d1.0_meta0.5_r4_n400,1,1,3
sim04_d1.0_meta0.5_r4_n400,1,1,1
sim04_d1.0_meta0.5_r4_n400,0,0,3
sim04_d1.0_meta0.5_r4_n400,1,0,1
sim04_d1.0_meta0.5_r4_n400,0,0,3
sim04_d1.0_meta0.5_r4_n400,1,1,4
sim04_d1.0_meta0.5_r4_n400,1,0,3
sim04_d1.0_meta0.5_r4_n400,1,1,2
sim04_d1.0_meta0.5_r4_n400,0,0,1
sim04_d1.0_meta0.5_r4_n400,1,1,4
sim04_d1.0_meta0.5_r4_n400,1,1,3
sim04_d1.0_meta0.5_r4_n400,0,0,2
sim04_d1.0_meta0.5_r4_n400,0,0,3
sim04_d1.0_meta0.5_r4_n400,1,1,1
sim04_d1.0_meta0.5_r4_n400,0,0,2
sim04_d1.0_meta0.5_r4_n400,1,1,2
sim04_d1.0_meta0.5_r4_n400,0,0,3
sim04_d1.0_meta0.5_r4_n400,1,1,3
sim04_d1.0_meta0.5_r4_n400,0,1,4
sim04_d1.0_meta0.5_r4_n400,0,1,1
sim04_d1.0_meta0.5_r4_n400,0,0,2
sim04_d1.0_meta0.5_r4_n400,0,0,1
sim04_d1.0_meta0.5_r4_n400,0,0,3
sim04_d1.0_meta0.5_r4_n400,1,1,2
sim04_d1.0_meta0.5_r4_n400,0,0,4
sim04_d1.0_meta0.5_r4_n400,1,0,1
sim04_d1.0_meta0.5_r4_n400,1,1,2
sim04_d1.0_meta0.5_r4_n400,1,1,1
sim04_d1.0_meta0.5_r4_n400,1,1,2
sim04_d1.0_meta0.5_r4_n400,0,0,3
sim04_d1.0_meta0.5_r4_n400,1,0,2
sim04_d1.0_meta0.5_r4_n400,0,0,3
sim04_d1.0_meta0.5_r4_n400,0,0,2
sim04_d1.0_meta0.5_r4_n400,1,1,3
sim04_d1.0_meta0.5_r4_n400,0,1,1
sim04_d1.0_meta0.5_r4_n400,1,1,2
sim04_d1.0_meta0.5_r4_n400,1,1,1
sim04_d1.0_meta0.5_r4_n400,0,0,3
sim04_d1.0_meta0.5_r4_n400,0,0,4
sim04_d1.0_meta0.5_r4_n400,0,0,1
sim04_d1.0_meta0.5_r4_n400,0,0,2
sim04_d1.0_meta0.5_r4_n400,0,0,2
sim04_d1.0_meta0.5_r4_n400,0,0,2
sim04_d1.0_meta0.5_r4_n400,0,0,2
sim04_d1.0_meta0.5_r4_n400,0,1,4
sim04_d1.0_meta0.5_r4_n400,0,0,1
sim04_d1.0_meta0.5_r4_n400,0,0,1
sim04_d1.0_meta0.5_r4_n400,1,1,2
sim04_d1.0_meta0.5_r4_n400,1,1,4
sim04_d1.0_meta0.5_r4_n400,0,0,1
sim04_d1.0_meta0.5_r4_n400,0,1,2
sim04_d1.0_meta0.5_r4_n400,0,0,1
sim04_d1.0_meta0.5_r4_n400,0,0,2
sim04_d1.0_meta0.5_r4_n400,0,1,1
sim04_d1.0_meta0.5_r4_n400,0,0,3
sim04_d1.0_meta0.5_r4_n400,0,1,3
sim04_d1.0_meta0.5_r4_n400,1,1,1
sim04_d1.0_meta0.5_r4_n400,1,1,2
sim04_d1.0_meta0.5_r4_n400,0,0,3
sim04_d1.0_meta0.5_r4_n400,1,0,1
sim04_d1.0_meta0.5_r4_n400,0,0,1
sim04_d1.0_meta0.5_r4_n400,0,0,1
sim04_d1.0_meta0.5_r4_n400,1,0,2
sim04_d1.0_meta0.5_r4_n400,0,0,1
sim04_d1.0_meta0.5_r4_n400,0,1,1
sim04_d1.0_meta0.5_r4_n400,0,1,4
sim04_d1.0_meta0.5_r4_n400,0,1,4
sim04_d1.0_meta0.5_r4_n400,0,0,3
sim04_d1.0_meta0.5_r4_n400,1,0,1
sim04_d1.0_meta0.5_r4_n400,1,1,1
sim04_d1.0_meta0.5_r4_n400,1,1,1
sim04_d1.0_meta0.5_r4_n400,0,0,2
sim04_d1.0_meta0.5_r4_n400,0,0,2
sim04_d1.0_meta0.5_r4_n400,0,0,2
sim04_d1.0_meta0.5_r4_n400,1,1,3
sim04_d1.0_meta0.5_r4_n400,0,0,4
sim04_d1.0_meta0.5_r4_n400,1,0,3
sim04_d1.0_meta0.5_r4_n400,0,0,3
sim04_d1.0_meta0.5_r4_n400,1,1,4
sim04_d1.0_meta0.5_r4_n400,0,0,3
sim04_d1.0_meta0.5_r4_n400,1,1,1
sim04_d1.0_meta0.5_r4_n400,1,1,2
sim04_d1.0_meta0.5_r4_n400,0,1,2
sim04_d1.0_meta0.5_r4_n400,0,1,4
sim04_d1.0_meta0.5_r4_n400,0,0,1
sim04_d1.0_meta0.5_r4_n400,1,1,4
sim04_d1.0_meta0.5_r4_n400,1,1,1
sim04_d1.0_meta0.5_r4_n400,1,1,1
sim04_d1.0_meta0.5_r4_n400,0,0,2
sim04_d1.0_meta0.5_r4_n400,1,1,1
sim04_d1.0_meta0.5_r4_n400,1,1,3
sim04_d1.0_meta0.5_r4_n400,0,0,3
sim04_d1.0_meta0.5_r4_n400,1,0,2
sim04_d1.0_meta0.5_r4_n400,0,0,2
sim04_d1.0_meta0.5_r4_n400,1,0,2
sim04_d1.0_meta0.5_r4_n400,1,0,4
sim04_d1.0_meta0.5_r4_n400,0,0,3
sim04_d1.0_meta0.5_r4_n400,1,1,1
sim04_d1.0_meta0.5_r4_n400,1,1,1
sim04_d1.0_meta0.5_r4_n400,1,0,2
sim04_d1.0_meta0.5_r4_n400,1,0,1
sim04_d1.0_meta0.5_r4_n400,0,0,2
sim04_d1.0_meta0.5_r4_n400,0,0,2
sim04_d1.0_meta0.5_r4_n400,0,1,1
sim04_d1.0_meta0.5_r4_n400,0,0,2
sim04_d1.0_meta0.5_r4_n400,0,0,1
sim04_d1.0_meta0.5_r4_n400,1,1,3
sim04_d1.0_meta0.5_r4_n400,0,0,1
sim04_d1.0_meta0.5_r4_n400,1,0,1
sim04_d1.0_meta0.5_r4_n400,1,1,2
sim04_d1.0_meta0.5_r4_n400,0,0,1
sim04_d1.0_meta0.5_r4_n400,0,0,1
sim04_d1.0_meta0.5_r4_n400,1,0,1
sim04_d1.0_meta0.5_r4_n400,1,1,4
sim04_d1.0_meta0.5_r4_n400,0,0,2
sim04_d1.0_meta0.5_r4_n400,1,0,1
sim04_d1.0_meta0.5_r4_n400,1,1,1
sim04_d1.0_meta0.5_r4_n400,0,0,2
sim04_d1.0_meta0.5_r4_n400,1,1,1
sim04_d1.0_meta0.5_r4_n400,1,0,1
sim04_d1.0_meta0.5_r4_n400,0,0,1
sim04_d1.0_meta0.5_r4_n400,0,0,4
sim04_d1.0_meta0.5_r4_n400,0,0,2
sim04_d1.0_meta0.5_r4_n400,1,1,2
sim04_d1.0_meta0.5_r4_n400,1,1,3
sim04_d1.0_meta0.5_r4_n400,1,0,1
sim04_d1.0_meta0.5_r4_n400,1,0,1
sim04_d1.0_meta0.5_r4_n400,0,0,3
sim04_d1.0_meta0.5_r4_n400,1,1,2
sim04_d1.0_meta0.5_r4_n400,0,0,4
sim04_d1.0_meta0.5_r4_n400,1,1,1
sim04_d1.0_meta0.5_r4_n400,1,0,1
sim04_d1.0_meta0.5_r4_n400,0,0,3
sim04_d1.0_meta0.5_r4_n400,0,0,1
sim04_d1.0_meta0.5_r4_n400,0,0,1
sim04_d1.0_meta0.5_r4_n400,1,0,1
sim04_d1.0_meta0.5_r4_n400,0,0,1
sim04_d1.0_meta0.5_r4_n400,0,1,1
sim04_d1.0_meta0.5_r4_n400,0,0,1
sim04_d1.0_meta0.5_r4_n400,1,0,2
sim04_d1.0_meta0.5_r4_n400,1,0,4
sim04_d1.0_meta0.5_r4_n400,1,1,1
sim04_d1.0_meta0.5_r4_n400,0,1,1
sim04_d1.0_meta0.5_r4_n400,1,1,2
sim04_d1.0_meta0.5_r4_n400,1,1,3
sim04_d1.0_meta0.5_r4_n400,0,1,1
sim04_d1.0_meta0.5_r4_n400,0,1,1
sim04_d1.0_meta0.5_r4_n400,1,1,4
sim04_d1.0_meta0.5_r4_n400,1,1,1
sim04_d1.0_meta0.5_r4_n400,0,1,2
sim04_d1.0_meta0.5_r4_n400,0,0,1
sim04_d1.0_meta0.5_r4_n400,0,0,2
sim04_d1.0_meta0.5_r4_n400,1,1,2
sim04_d1.0_meta0.5_r4_n400,1,1,1
sim04_d1.0_meta0.5_r4_n400,0,0,2
sim04_d1.0_meta0.5_r4_n400,1,1,1
sim04_d1.0_meta0.5_r4_n400,0,1,1
sim04_d1.0_meta0.5_r4_n400,1,1,4
sim04_d1.0_meta0.5_r4_n400,0,0,2
sim04_d1.0_meta0.5_r4_n400,1,0,4
sim04_d1.0_meta0.5_r4_n400,0,1,2
sim04_d1.0_meta0.5_r4_n400,0,1,2
sim04_d1.0_meta0.5_r4_n400,1,1,1
sim04_d1.0_meta0.5_r4_n400,1,1,3
sim04_d1.0_meta0.5_r4_n400,1,1,3
sim04_d1.0_meta0.5_r4_n400,1,0,2
sim04_d1.0_meta0.5_r4_n400,1,1,3
sim04_d1.0_meta0.5_r4_n400,0,0,1
sim04_d1.0_meta0.5_r4_n400,1,0,1
sim04_d1.0_meta0.5_r4_n400,0,0,4
sim04_d1.0_meta0.5_r4_n400,0,0,2
sim04_d1.0_meta0.5_r4_n400,1,1,3
sim04_d1.0_meta0.5_r4_n400,1,1,2
sim04_d1.0_meta0.5_r4_n400,0,0,1
sim04_d1.0_meta0.5_r4_n400,1,1,4
sim04_d1.0_meta0.5_r4_n400,0,0,3
sim04_d1.0_meta0.5_r4_n400,1,1,4
sim04_d1.0_meta0.5_r4_n400,0,0,1
sim04_d1.0_meta0.5_r4_n400,1,1,4
sim04_d1.0_meta0.5_r4_n400,1,1,1
sim04_d1.0_meta0.5_r4_n400,1,0,1
sim04_d1.0_meta0.5_r4_n400,1,1,3
sim04_d1.0_meta0.5_r4_n400,1,1,4
sim04_d1.0_meta0.5_r4_n400,1,0,2
sim04_d1.0_meta0.5_r4_n400,0,0,3
sim04_d1.0_meta0.5_r4_n400,0,0,2
sim04_d1.0_meta0.5_r4_n400,0,0,1
sim04_d1.0_meta0.5_r4_n400,1,1,3
sim04_d1.0_meta0.5_r4_n400,0,0,2
sim04_d1.0_meta0.5_r4_n400,1,1,2
sim04_d1.0_meta0.5_r4_n400,1,1,3
sim04_d1.0_meta0.5_r4_n400,0,1,1
sim04_d1.0_meta0.5_r4_n400,0,0,3
sim04_d1.0_meta0.5_r4_n400,1,1,3
sim04_d1.0_meta0.5_r4_n400,0,0,2
sim04_d1.0_meta0.5_r4_n400,0,1,1
sim04_d1.0_meta0.5_r4_n400,1,0,1
sim04_d1.0_meta0.5_r4_n400,0,0,3
sim04_d1.0_meta0.5_r4_n400,0,1,1
sim04_d1.0_meta0.5_r4_n400,1,0,1
sim04_d1.0_meta0.5_r4_n400,1,1,2
sim04_d1.0_meta0.5_r4_n400,0,0,2
sim04_d1.0_meta0.5_r4_n400,1,0,4
sim04_d1.0_meta0.5_r4_n400,0,1,1
sim04_d1.0_meta0.5_r4_n400,0,0,2
sim04_d1.0_meta0.5_r4_n400,1,1,3
sim04_d1.0_meta0.5_r4_n400,1,1,2
sim04_d1.0_meta0.5_r4_n400,0,0,1
sim04_d1.0_meta0.5_r4_n400,1,0,1
sim04_d1.0_meta0.5_r4_n400,0,0,2
sim04_d1.0_meta0.5_r4_n400,0,0,1
sim04_d1.0_meta0.5_r4_n400,0,0,2
sim04_d1.0_meta0.5_r4_n400,1,1,2
sim04_d1.0_meta0.5_r4_n400,1,0,2
sim04_d1.0_meta0.5_r4_n400,1,1,2
sim04_d1.0_meta0.5_r4_n400,1,1,3
sim04_d1.0_meta0.5_r4_n400,1,1,2
sim04_d1.0_meta0.5_r4_n400,1,1,4
sim04_d1.0_meta0.5_r4_n400,1,1,1
sim04_d1.0_meta0.5_r4_n400,0,0,1
sim04_d1.0_meta0.5_r4_n400,0,0,3
sim04_d1.0_meta0.5_r4_n400,0,1,2
sim04_d1.0_meta0.5_r4_n400,0,1,1
sim04_d1.0_meta0.5_r4_n400,0,0,4
sim04_d1.0_meta0.5_r4_n400,0,1,2
sim04_d1.0_meta0.5_r4_n400,0,0,1
sim04_d1.0_meta0.5_r4_n400,1,1,4
sim04_d1.0_meta0.5_r4_n400,1,1,3
sim04_d1.0_meta0.5_r4_n400,0,0,2
sim04_d1.0_meta0.5_r4_n400,0,0,1
sim04_d1.0_meta0.5_r4_n400,1,0,1
sim04_d1.0_meta0.5_r4_n400,0,0,1
sim04_d1.0_meta0.5_r4_n400,0,0,2
sim04_d1.0_meta0.5_r4_n400,0,0,2
sim04_d1.0_meta0.5_r4_n400,0,0,1
sim04_d1.0_meta0.5_r4_n400,1,1,2
sim04_d1.0_meta0.5_r4_n400,0,1,1
sim04_d1.0_meta0.5_r4_n400,1,1,1
sim04_d1.0_meta0.5_r4_n400,0,0,1
sim04_d1.0_meta0.5_r4_n400,0,1,1
sim04_d1.0_meta0.5_r4_n400,0,1,3
sim04_d1.0_meta0.5_r4_n400,1,1,1
sim04_d1.0_meta0.5_r4_n400,0,1,1
sim04_d1.0_meta0.5_r4_n400,1,1,2
sim04_d1.0_meta0.5_r4_n400,1,0,2
sim04_d1.0_meta0.5_r4_n400,0,1,1
sim04_d1.0_meta0.5_r4_n400,0,1,1
sim04_d1.0_meta0.5_r4_n400,1,1,3
sim04_d1.0_meta0.5_r4_n400,1,1,1
sim04_d1.0_meta0.5_r4_n400,1,0,1
sim04_d1.0_meta0.5_r4_n400,0,0,1
sim04_d1.0_meta0.5_r4_n400,0,1,2
sim04_d1.0_meta0.5_r4_n400,0,1,1
sim04_d1.0_meta0.5_r4_n400,1,1,1
sim04_d1.0_meta0.5_r4_n400,1,1,4
sim04_d1.0_meta0.5_r4_n400,1,0,3
sim04_d1.0_meta0.5_r4_n400,1,1,2
sim04_d1.0_meta0.5_r4_n400,0,0,4
sim04_d1.0_meta0.5_r4_n400,1,1,2
sim04_d1.0_meta0.5_r4_n400,0,0,1
sim04_d1.0_meta0.5_r4_n400,1,0,3
sim04_d1.0_meta0.5_r4_n400,1,1,1
sim04_d1.0_meta0.5_r4_n400,1,0,1
sim04_d1.0_meta0.5_r4_n400,1,1,3
sim04_d1.0_meta0.5_r4_n400,1,1,3
sim04_d1.0_meta0.5_r4_n400,0,0,2
sim04_d1.0_meta0.5_r4_n400,0,0,4
sim04_d1.0_meta0.5_r4_n400,1,1,3
sim04_d1.0_meta0.5_r4_n400,0,1,2
sim04_d1.0_meta0.5_r4_n400,0,1,1
sim04_d1.0_meta0.5_r4_n400,1,0,1
sim04_d1.0_meta0.5_r4_n400,0,0,3
sim04_d1.0_meta0.5_r4_n400,0,1,2
sim04_d1.0_meta0.5_r4_n400,0,1,1
sim04_d1.0_meta0.5_r4_n400,1,0,2
sim04_d1.0_meta0.5_r4_n400,1,1,4
sim04_d1.0_meta0.5_r4_n400,1,1,3
sim04_d1.0_meta0.5_r4_n400,0,1,1
sim04_d1.0_meta0.5_r4_n400,0,0,4
sim04_d1.0_meta0.5_r4_n400,1,1,1
sim04_d1.0_meta0.5_r4_n400,0,0,1
sim04_d1.0_meta0.5_r4_n400,1,0,2
sim04_d1.0_meta0.5_r4_n400,0,1,3
sim04_d1.0_meta0.5_r4_n400,0,0,1
sim04_d1.0_meta0.5_r4_n400,1,1,3
sim04_d1.0_meta0.5_r4_n400,1,1,1
sim05_d1.0_meta1.8_r4_n400,1,1,1
sim05_d1.0_meta1.8_r4_n400,0,0,2
sim05_d1.0_meta1.8_r4_n400,0,1,1
sim05_d1.0_meta1.8_r4_n400,1,0,4
sim05_d1.0_meta1.8_r4_n400,1,1,4
sim05_d1.0_meta1.8_r4_n400,0,0,2
sim05_d1.0_meta1.8_r4_n400,0,0,1
sim05_d1.0_meta1.8_r4_n400,1,1,1
sim05_d1.0_meta1.8_r4_n400,0,0,4
sim05_d1.0_meta1.8_r4_n400,0,0,2
sim05_d1.0_meta1.8_r4_n400,1,1,2
sim05_d1.0_meta1.8_r4_n400,1,0,2
sim05_d1.0_meta1.8_r4_n400,1,0,1
sim05_d1.0_meta1.8_r4_n400,0,0,3
sim05_d1.0_meta1.8_r4_n400,1,1,3
sim05_d1.0_meta1.8_r4_n400,0,1,4
sim05_d1.0_meta1.8_r4_n400,0,0,4
sim05_d1.0_meta1.8_r4_n400,0,1,3
sim05_d1.0_meta1.8_r4_n400,1,1,1
sim05_d1.0_meta1.8_r4_n400,0,0,1
sim05_d1.0_meta1.8_r4_n400,1,1,2
sim05_d1.0_meta1.8_r4_n400,0,0,3
sim05_d1.0_meta1.8_r4_n400,1,0,1
sim05_d1.0_meta1.8_r4_n400,1,0,1
sim05_d1.0_meta1.8_r4_n400,0,0,3
sim05_d1.0_meta1.8_r4_n400,1,1,4
sim05_d1.0_meta1.8_r4_n400,0,0,2
sim05_d1.0_meta1.8_r4_n400,0,0,1
sim05_d1.0_meta1.8_r4_n400,0,0,3
sim05_d1.0_meta1.8_r4_n400,0,0,3
sim05_d1.0_meta1.8_r4_n400,1,0,1
sim05_d1.0_meta1.8_r4_n400,1,1,4
sim05_d1.0_meta1.8_r4_n400,1,0,2
sim05_d1.0_meta1.8_r4_n400,0,1,1
sim05_d1.0_meta1.8_r4_n400,1,1,4
sim05_d1.0_meta1.8_r4_n400,1,0,2
sim05_d1.0_meta1.8_r4_n400,0,0,3
sim05_d1.0_meta1.8_r4_n400,0,0,2
sim05_d1.0_meta1.8_r4_n400,0,0,1
sim05_d1.0_meta1.8_r4_n400,0,1,2
sim05_d1.0_meta1.8_r4_n400,0,0,4
sim05_d1.0_meta1.8_r4_n400,0,1,1
sim05_d1.0_meta1.8_r4_n400,1,1,1
sim05_d1.0_meta1.8_r4_n400,0,0,2
sim05_d1.0_meta1.8_r4_n400,0,0,1
sim05_d1.0_meta1.8_r4_n400,0,0,3
sim05_d1.0_meta1.8_r4_n400,1,0,1
sim05_d1.0_meta1.8_r4_n400,0,0,2
sim05_d1.0_meta1.8_r4_n400,1,1,4
sim05_d1.0_meta1.8_r4_n400,1,1,2
sim05_d1.0_meta1.8_r4_n400,0,0,4
sim05_d1.0_meta1.8_r4_n400,1,0,2
sim05_d1.0_meta1.8_r4_n400,1,1,1
sim05_d1.0_meta1.8_r4_n400,0,0,2
sim05_d1.0_meta1.8_r4_n400,1,1,4
sim05_d1.0_meta1.8_r4_n400,1,1,4
sim05_d1.0_meta1.8_r4_n400,0,0,4
sim05_d1.0_meta1.8_r4_n400,1,1,3
sim05_d1.0_meta1.8_r4_n400,1,1,1
sim05_d1.0_meta1.8_r4_n400,1,0,1
sim05_d1.0_meta1.8_r4_n400,0,0,4
sim05_d1.0_meta1.8_r4_n400,0,0,2
sim05_d1.0_meta1.8_r4_n400,1,1,2
sim05_d1.0_meta1.8_r4_n400,1,1,4
sim05_d1.0_meta1.8_r4_n400,0,1,1
sim05_d1.0_meta1.8_r4_n400,0,0,1
sim05_d1.0_meta1.8_r4_n400,0,1,3
sim05_d1.0_meta1.8_r4_n400,1,1,2
sim05_d1.0_meta1.8_r4_n400,1,1,3
sim05_d1.0_meta1.8_r4_n400,1,1,2
sim05_d1.0_meta1.8_r4_n400,0,0,1
sim05_d1.0_meta1.8_r4_n400,1,1,4
sim05_d1.0_meta1.8_r4_n400,1,1,4
sim05_d1.0_meta1.8_r4_n400,0,0,3
sim05_d1.0_meta1.8_r4_n400,1,0,1
sim05_d1.0_meta1.8_r4_n400,1,1,2
sim05_d1.0_meta1.8_r4_n400,1,0,2
sim05_d1.0_meta1.8_r4_n400,1,0,1
sim05_d1.0_meta1.8_r4_n400,1,1,2
sim05_d1.0_meta1.8_r4_n400,1,1,3
sim05_d1.0_meta1.8_r4_n400,0,0,3
sim05_d1.0_meta1.8_r4_n400,1,1,3
sim05_d1.0_meta1.8_r4_n400,1,0,1
sim05_d1.0_meta1.8_r4_n400,0,1,2
sim05_d1.0_meta1.8_r4_n400,1,1,3
sim05_d1.0_meta1.8_r4_n400,1,1,4
sim05_d1.0_meta1.8_r4_n400,1,1,1
sim05_d1.0_meta1.8_r4_n400,0,1,1
sim05_d1.0_meta1.8_r4_n400,1,0,1
sim05_d1.0_meta1.8_r4_n400,1,0,2
sim05_d1.0_meta1.8_r4_n400,1,1,1
sim05_d1.0_meta1.8_r4_n400,0,0,4
sim05_d1.0_meta1.8_r4_n400,1,1,2
sim05_d1.0_meta1.8_r4_n400,1,1,1
sim05_d1.0_meta1.8_r4_n400,0,0,3
sim05_d1.0_meta1.8_r4_n400,1,1,4
sim05_d1.0_meta1.8_r4_n400,0,1,1
sim05_d1.0_meta1.8_r4_n400,0,0,4
sim05_d1.0_meta1.8_r4_n400,0,0,1
sim05_d1.0_meta1.8_r4_n400,0,1,2
sim05_d1.0_meta1.8_r4_n400,0,0,3
sim05_d1.0_meta1.8_r4_n400,0,0,1
sim05_d1.0_meta1.8_r4_n400,0,0,4
sim05_d1.0_meta1.8_r4_n400,0,0,3
sim05_d1.0_meta1.8_r4_n400,0,0,3
sim05_d1.0_meta1.8_r4_n400,1,1,4
sim05_d1.0_meta1.8_r4_n400,0,0,1
sim05_d1.0_meta1.8_r4_n400,0,0,4
sim05_d1.0_meta1.8_r4_n400,1,0,2
sim05_d1.0_meta1.8_r4_n400,0,0,3
sim05_d1.0_meta1.8_r4_n400,0,0,2
sim05_d1.0_meta1.8_r4_n400,0,0,3
sim05_d1.0_meta1.8_r4_n400,0,0,4
sim05_d1.0_meta1.8_r4_n400,0,1,2
sim05_d1.0_meta1.8_r4_n400,1,1,4
sim05_d1.0_meta1.8_r4_n400,0,1,2
sim05_d1.0_meta1.8_r4_n400,0,0,4
sim05_d1.0_meta1.8_r4_n400,1,0,1
sim05_d1.0_meta1.8_r4_n400,1,1,4
sim05_d1.0_meta1.8_r4_n400,0,0,4
sim05_d1.0_meta1.8_r4_n400,1,1,3
sim05_d1.0_meta1.8_r4_n400,1,1,2
sim05_d1.0_meta1.8_r4_n400,1,0,2
sim05_d1.0_meta1.8_r4_n400,1,1,3
sim05_d1.0_meta1.8_r4_n400,0,1,1
sim05_d1.0_meta1.8_r4_n400,0,0,1
sim05_d1.0_meta1.8_r4_n400,0,0,4
sim05_d1.0_meta1.8_r4_n400,0,0,4
sim05_d1.0_meta1.8_r4_n400,0,0,4
sim05_d1.0_meta1.8_r4_n400,0,0,2
sim05_d1.0_meta1.8_r4_n400,1,1,3
sim05_d1.0_meta1.8_r4_n400,0,0,2
sim05_d1.0_meta1.8_r4_n400,0,1,3
sim05_d1.0_meta1.8_r4_n400,1,1,1
sim05_d1.0_meta1.8_r4_n400,0,0,3
sim05_d1.0_meta1.8_r4_n400,1,0,1
sim05_d1.0_meta1.8_r4_n400,0,0,4
sim05_d1.0_meta1.8_r4_n400,0,0,1
sim05_d1.0_meta1.8_r4_n400,1,1,3
sim05_d1.0_meta1.8_r4_n400,1,1,1
sim05_d1.0_meta1.8_r4_n400,0,0,3
sim05_d1.0_meta1.8_r4_n400,1,1,1
sim05_d1.0_meta1.8_r4_n400,1,1,4
sim05_d1.0_meta1.8_r4_n400,0,0,2
sim05_d1.0_meta1.8_r4_n400,0,1,4
sim05_d1.0_meta1.8_r4_n400,0,0,3
sim05_d1.0_meta1.8_r4_n400,1,0,1
sim05_d1.0_meta1.8_r4_n400,1,0,1
sim05_d1.0_meta1.8_r4_n400,0,1,2
sim05_d1.0_meta1.8_r4_n400,0,1,1
sim05_d1.0_meta1.8_r4_n400,1,1,2
sim05_d1.0_meta1.8_r4_n400,1,1,1
sim05_d1.0_meta1.8_r4_n400,1,1,2
sim05_d1.0_meta1.8_r4_n400,1,1,3
sim05_d1.0_meta1.8_r4_n400,1,1,1
sim05_d1.0_meta1.8_r4_n400,1,0,3
sim05_d1.0_meta1.8_r4_n400,1,1,4
sim05_d1.0_meta1.8_r4_n400,0,0,2
sim05_d1.0_meta1.8_r4_n400,0,0,1
sim05_d1.0_meta1.8_r4_n400,0,1,1
sim05_d1.0_meta1.8_r4_n400,1,1,1
sim05_d1.0_meta1.8_r4_n400,1,1,3
sim05_d1.0_meta1.8_r4_n400,0,1,1
sim05_d1.0_meta1.8_r4_n400,0,1,1
sim05_d1.0_meta1.8_r4_n400,0,1,4
sim05_d1.0_meta1.8_r4_n400,0,0,1
sim05_d1.0_meta1.8_r4_n400,1,1,1
sim05_d1.0_meta1.8_r4_n400,0,0,3
sim05_d1.0_meta1.8_r4_n400,0,0,3
sim05_d1.0_meta1.8_r4_n400,1,0,2
sim05_d1.0_meta1.8_r4_n400,0,0,4
sim05_d1.0_meta1.8_r4_n400,1,1,4
sim05_d1.0_meta1.8_r4_n400,1,1,3
sim05_d1.0_meta1.8_r4_n400,0,0,4
sim05_d1.0_meta1.8_r4_n400,1,1,2
sim05_d1.0_meta1.8_r4_n400,1,1,2
sim05_d1.0_meta1.8_r4_n400,0,0,3
sim05_d1.0_meta1.8_r4_n400,1,1,1
sim05_d1.0_meta1.8_r4_n400,0,1,1
sim05_d1.0_meta1.8_r4_n400,0,1,4
sim05_d1.0_meta1.8_r4_n400,1,1,4
sim05_d1.0_meta1.8_r4_n400,0,0,3
sim05_d1.0_meta1.8_r4_n400,1,1,4
sim05_d1.0_meta1.8_r4_n400,1,1,2
sim05_d1.0_meta1.8_r4_n400,0,1,1
sim05_d1.0_meta1.8_r4_n400,1,1,2
sim05_d1.0_meta1.8_r4_n400,1,1,2
sim05_d1.0_meta1.8_r4_n400,0,0,1
sim05_d1.0_meta1.8_r4_n400,1,1,1
sim05_d1.0_meta1.8_r4_n400,0,1,1
sim05_d1.0_meta1.8_r4_n400,1,1,3
sim05_d1.0_meta1.8_r4_n400,1,1,4
sim05_d1.0_meta1.8_r4_n400,0,1,1
sim05_d1.0_meta1.8_r4_n400,1,1,4
sim05_d1.0_meta1.8_r4_n400,1,1,4
sim05_d1.0_meta1.8_r4_n400,1,1,2
sim05_d1.0_meta1.8_r4_n400,1,0,1
sim05_d1.0_meta1.8_r4_n400,1,1,1
sim05_d1.0_meta1.8_r4_n400,0,1,1
sim05_d1.0_meta1.8_r4_n400,0,1,2
sim05_d1.0_meta1.8_r4_n400,0,0,1
sim05_d1.0_meta1.8_r4_n400,0,0,1
sim05_d1.0_meta1.8_r4_n400,1,1,3
sim05_d1.0_meta1.8_r4_n400,0,0,2
sim05_d1.0_meta1.8_r4_n400,1,1,4
sim05_d1.0_meta1.8_r4_n400,1,1,2
sim05_d1.0_meta1.8_r4_n400,1,1,4
sim05_d1.0_meta1.8_r4_n400,0,0,1
sim05_d1.0_meta1.8_r4_n400,0,0,1
sim05_d1.0_meta1.8_r4_n400,1,1,1
sim05_d1.0_meta1.8_r4_n400,1,1,4
sim05_d1.0_meta1.8_r4_n400,1,0,2
sim05_d1.0_meta1.8_r4_n400,1,0,1
sim05_d1.0_meta1.8_r4_n400,0,0,1
sim05_d1.0_meta1.8_r4_n400,1,1,3
sim05_d1.0_meta1.8_r4_n400,0,0,3
sim05_d1.0_meta1.8_r4_n400,1,1,4
sim05_d1.0_meta1.8_r4_n400,0,0,2
sim05_d1.0_meta1.8_r4_n400,0,1,1
sim05_d1.0_meta1.8_r4_n400,0,0,1
sim05_d1.0_meta1.8_r4_n400,0,1,1
sim05_d1.0_meta1.8_r4_n400,0,1,1
sim05_d1.0_meta1.8_r4_n400,0,1,4
sim05_d1.0_meta1.8_r4_n400,1,0,1
sim05_d1.0_meta1.8_r4_n400,0,0,4
sim05_d1.0_meta1.8_r4_n400,1,1,3
sim05_d1.0_meta1.8_r4_n400,1,1,4
sim05_d1.0_meta1.8_r4_n400,0,1,1
sim05_d1.0_meta1.8_r4_n400,1,0,1
sim05_d1.0_meta1.8_r4_n400,1,0,1
sim05_d1.0_meta1.8_r4_n400,1,1,3
sim05_d1.0_meta1.8_r4_n400,0,1,1
sim05_d1.0_meta1.8_r4_n400,0,1,2
sim05_d1.0_meta1.8_r4_n400,1,1,2
sim05_d1.0_meta1.8_r4_n400,0,0,3
sim05_d1.0_meta1.8_r4_n400,0,0,4
sim05_d1.0_meta1.8_r4_n400,0,0,3
sim05_d1.0_meta1.8_r4_n400,0,0,1
sim05_d1.0_meta1.8_r4_n400,0,1,1
sim05_d1.0_meta1.8_r4_n400,1,1,1
sim05_d1.0_meta1.8_r4_n400,0,1,2
sim05_d1.0_meta1.8_r4_n400,0,0,4
sim05_d1.0_meta1.8_r4_n400,0,0,2
sim05_d1.0_meta1.8_r4_n400,0,0,4
sim05_d1.0_meta1.8_r4_n400,1,1,4
sim05_d1.0_meta1.8_r4_n400,0,0,3
sim05_d1.0_meta1.8_r4_n400,0,1,1
sim05_d1.0_meta1.8_r4_n400,1,1,2
sim05_d1.0_meta1.8_r4_n400,1,0,2
sim05_d1.0_meta1.8_r4_n400,1,0,1
sim05_d1.0_meta1.8_r4_n400,1,0,1
sim05_d1.0_meta1.8_r4_n400,0,0,1
sim05_d1.0_meta1.8_r4_n400,1,1,2
sim05_d1.0_meta1.8_r4_n400,1,0,2
sim05_d1.0_meta1.8_r4_n400,1,1,4
sim05_d1.0_meta1.8_r4_n400,0,0,3
sim05_d1.0_meta1.8_r4_n400,1,1,3
sim05_d1.0_meta1.8_r4_n400,1,0,2
sim05_d1.0_meta1.8_r4_n400,1,1,2
sim05_d1.0_meta1.8_r4_n400,1,1,3
sim05_d1.0_meta1.8_r4_n400,1,1,3
sim05_d1.0_meta1.8_r4_n400,0,0,1
sim05_d1.0_meta1.8_r4_n400,0,0,4
sim05_d1.0_meta1.8_r4_n400,1,0,2
sim05_d1.0_meta1.8_r4_n400,0,0,2
sim05_d1.0_meta1.8_r4_n400,0,1,2
sim05_d1.0_meta1.8_r4_n400,1,1,3
sim05_d1.0_meta1.8_r4_n400,0,0,1
sim05_d1.0_meta1.8_r4_n400,1,1,4
sim05_d1.0_meta1.8_r4_n400,0,1,1
sim05_d1.0_meta1.8_r4_n400,1,1,2
sim05_d1.0_meta1.8_r4_n400,1,1,1
sim05_d1.0_meta1.8_r4_n400,1,1,3
sim05_d1.0_meta1.8_r4_n400,0,1,1
sim05_d1.0_meta1.8_r4_n400,0,0,2
sim05_d1.0_meta1.8_r4_n400,1,0,1
sim05_d1.0_meta1.8_r4_n400,1,0,1
sim05_d1.0_meta1.8_r4_n400,1,1,4
sim05_d1.0_meta1.8_r4_n400,0,0,3
sim05_d1.0_meta1.8_r4_n400,1,1,1
sim05_d1.0_meta1.8_r4_n400,0,0,3
sim05_d1.0_meta1.8_r4_n400,0,0,4
sim05_d1.0_meta1.8_r4_n400,0,1,2
sim05_d1.0_meta1.8_r4_n400,0,1,1
sim05_d1.0_meta1.8_r4_n400,0,0,1
sim05_d1.0_meta1.8_r4_n400,0,1,2
sim05_d1.0_meta1.8_r4_n400,0,1,1
sim05_d1.0_meta1.8_r4_n400,0,0,3
sim05_d1.0_meta1.8_r4_n400,0,1,1
sim05_d1.0_meta1.8_r4_n400,1,1,4
sim05_d1.0_meta1.8_r4_n400,0,1,1
sim05_d1.0_meta1.8_r4_n400,0,0,2
sim05_d1.0_meta1.8_r4_n400,1,1,4
sim05_d1.0_meta1.8_r4_n400,1,0,1
sim05_d1.0_meta1.8_r4_n400,0,0,3
sim05_d1.0_meta1.8_r4_n400,1,0,4
sim05_d1.0_meta1.8_r4_n400,0,0,4
sim05_d1.0_meta1.8_r4_n400,1,0,1
sim05_d1.0_meta1.8_r4_n400,0,0,1
sim05_d1.0_meta1.8_r4_n400,1,1,3
sim05_d1.0_meta1.8_r4_n400,1,1,3
sim05_d1.0_meta1.8_r4_n400,0,1,1
sim05_d1.0_meta1.8_r4_n400,0,0,4
sim05_d1.0_meta1.8_r4_n400,0,0,2
sim05_d1.0_meta1.8_r4_n400,1,1,4
sim05_d1.0_meta1.8_r4_n400,0,0,4
sim05_d1.0_meta1.8_r4_n400,1,1,3
sim05_d1.0_meta1.8_r4_n400,1,0,4
sim05_d1.0_meta1.8_r4_n400,0,1,1
sim05_d1.0_meta1.8_r4_n400,0,1,1
sim05_d1.0_meta1.8_r4_n400,1,0,2
sim05_d1.0_meta1.8_r4_n400,0,0,4
sim05_d1.0_meta1.8_r4_n400,1,0,4
sim05_d1.0_meta1.8_r4_n400,1,1,3
sim05_d1.0_meta1.8_r4_n400,1,0,1
sim05_d1.0_meta1.8_r4_n400,0,0,3
sim05_d1.0_meta1.8_r4_n400,0,0,4
sim05_d1.0_meta1.8_r4_n400,1,1,4
sim05_d1.0_meta1.8_r4_n400,1,1,1
sim05_d1.0_meta1.8_r4_n400,0,0,4
sim05_d1.0_meta1.8_r4_n400,1,1,2
sim05_d1.0_meta1.8_r4_n400,0,0,2
sim05_d1.0_meta1.8_r4_n400,1,0,4
sim05_d1.0_meta1.8_r4_n400,1,0,1
sim05_d1.0_meta1.8_r4_n400,0,1,2
sim05_d1.0_meta1.8_r4_n400,0,0,2
sim05_d1.0_meta1.8_r4_n400,0,0,2
sim05_d1.0_meta1.8_r4_n400,0,1,2
sim05_d1.0_meta1.8_r4_n400,1,0,3
sim05_d1.0_meta1.8_r4_n400,0,1,3
sim05_d1.0_meta1.8_r4_n400,0,0,1
sim05_d1.0_meta1.8_r4_n400,0,1,2
sim05_d1.0_meta1.8_r4_n400,1,1,4
sim05_d1.0_meta1.8_r4_n400,0,0,2
sim05_d1.0_meta1.8_r4_n400,1,1,4
sim05_d1.0_meta1.8_r4_n400,1,1,4
sim05_d1.0_meta1.8_r4_n400,1,1,1
sim05_d1.0_meta1.8_r4_n400,1,1,4
sim05_d1.0_meta1.8_r4_n400,1,0,2
sim05_d1.0_meta1.8_r4_n400,0,0,1
sim05_d1.0_meta1.8_r4_n400,0,0,1
sim05_d1.0_meta1.8_r4_n400,1,0,1
sim05_d1.0_meta1.8_r4_n400,1,1,1
sim05_d1.0_meta1.8_r4_n400,0,0,2
sim05_d1.0_meta1.8_r4_n400,0,0,4
sim05_d1.0_meta1.8_r4_n400,0,0,1
sim05_d1.0_meta1.8_r4_n400,1,1,4
sim05_d1.0_meta1.8_r4_n400,1,1,4
sim05_d1.0_meta1.8_r4_n400,1,1,1
sim05_d1.0_meta1.8_r4_n400,1,0,1
sim05_d1.0_meta1.8_r4_n400,1,1,2
sim05_d1.0_meta1.8_r4_n400,1,0,1
sim05_d1.0_meta1.8_r4_n400,1,1,2
sim05_d1.0_meta1.8_r4_n400,1,1,4
sim05_d1.0_meta1.8_r4_n400,0,0,3
sim05_d1.0_meta1.8_r4_n400,1,0,1
sim05_d1.0_meta1.8_r4_n400,0,0,2
sim05_d1.0_meta1.8_r4_n400,1,1,3
sim05_d1.0_meta1.8_r4_n400,1,0,3
sim05_d1.0_meta1.8_r4_n400,0,0,3
sim05_d1.0_meta1.8_r4_n400,1,1,1
sim05_d1.0_meta1.8_r4_n400,1,0,1
sim05_d1.0_meta1.8_r4_n400,1,1,2
sim05_d1.0_meta1.8_r4_n400,0,0,4
sim05_d1.0_meta1.8_r4_n400,0,1,1
sim05_d1.0_meta1.8_r4_n400,0,1,2
sim05_d1.0_meta1.8_r4_n400,1,1,3
sim05_d1.0_meta1.8_r4_n400,0,0,2
sim05_d1.0_meta1.8_r4_n400,0,0,4
sim05_d1.0_meta1.8_r4_n400,1,1,4
sim05_d1.0_meta1.8_r4_n400,1,1,3
sim05_d1.0_meta1.8_r4_n400,1,0,1
sim05_d1.0_meta1.8_r4_n400,1,1,1
sim05_d1.0_meta1.8_r4_n400,1,1,2
sim05_d1.0_meta1.8_r4_n400,1,1,1
sim05_d1.0_meta1.8_r4_n400,1,1,2
sim05_d1.0_meta1.8_r4_n400,1,0,4
sim05_d1.0_meta1.8_r4_n400,0,0,4
sim05_d1.0_meta1.8_r4_n400,0,0,1
sim05_d1.0_meta1.8_r4_n400,0,0,4
sim05_d1.0_meta1.8_r4_n400,0,0,2
sim05_d1.0_meta1.8_r4_n400,1,0,2
sim05_d1.0_meta1.8_r4_n400,0,1,2
sim05_d1.0_meta1.8_r4_n400,0,0,3
sim05_d1.0_meta1.8_r4_n400,0,0,2
sim05_d1.0_meta1.8_r4_n400,0,1,1
sim05_d1.0_meta1.8_r4_n400,1,1,4
sim05_d1.0_meta1.8_r4_n400,1,0,1
sim05_d1.0_meta1.8_r4_n400,0,1,1
sim05_d1.0_meta1.8_r4_n400,0,0,4
sim05_d1.0_meta1.8_r4_n400,1,0,3
sim05_d1.0_meta1.8_r4_n400,1,1,4
sim05_d1.0_meta1.8_r4_n400,1,1,2
sim05_d1.0_meta1.8_r4_n400,1,1,2
sim05_d1.0_meta1.8_r4_n400,0,0,2
sim05_d1.0_meta1.8_r4_n400,0,0,1
sim05_d1.0_meta1.8_r4_n400,1,0,1
sim05_d1.0_meta1.8_r4_n400,0,1,2
sim05_d1.0_meta1.8_r4_n400,0,0,4
sim05_d1.0_meta1.8_r4_n400,0,0,4
sim06_d1.5_meta1.5_r2_n400,0,1,1
sim06_d1.5_meta1.5_r2_n400,0,0,1
sim06_d1.5_meta1.5_r2_n400,0,0,2
sim06_d1.5_meta1.5_r2_n400,1,1,2
sim06_d1.5_meta1.5_r2_n400,1,1,2
sim06_d1.5_meta1.5_r2_n400,0,0,2
sim06_d1.5_meta1.5_r2_n400,0,0,2
sim06_d1.5_meta1.5_r2_n400,1,0,1
sim06_d1.5_meta1.5_r2_n400,1,0,1
sim06_d1.5_meta1.5_r2_n400,1,0,1
sim06_d1.5_meta1.5_r2_n400,1,1,1
sim06_d1.5_meta1.5_r2_n400,0,1,2
sim06_d1.5_meta1.5_r2_n400,1,1,2
sim06_d1.5_meta1.5_r2_n400,0,1,1
sim06_d1.5_meta1.5_r2_n400,0,0,1
sim06_d1.5_meta1.5_r2_n400,1,1,1
sim06_d1.5_meta1.5_r2_n400,0,1,1
sim06_d1.5_meta1.5_r2_n400,0,0,1
sim06_d1.5_meta1.5_r2_n400,0,0,1
sim06_d1.5_meta1.5_r2_n400,1,1,2
sim06_d1.5_meta1.5_r2_n400,0,0,1
sim06_d1.5_meta1.5_r2_n400,1,1,2
sim06_d1.5_meta1.5_r2_n400,1,0,1
sim06_d1.5_meta1.5_r2_n400,0,1,2
sim06_d1.5_meta1.5_r2_n400,0,0,2
sim06_d1.5_meta1.5_r2_n400,1,1,2
sim06_d1.5_meta1.5_r2_n400,0,0,1
sim06_d1.5_meta1.5_r2_n400,0,0,1
sim06_d1.5_meta1.5_r2_n400,0,0,1
sim06_d1.5_meta1.5_r2_n400,1,1,2
sim06_d1.5_meta1.5_r2_n400,0,0,1
sim06_d1.5_meta1.5_r2_n400,0,0,1
sim06_d1.5_meta1.5_r2_n400,0,0,1
sim06_d1.5_meta1.5_r2_n400,1,1,1
sim06_d1.5_meta1.5_r2_n400,1,1,1
sim06_d1.5_meta1.5_r2_n400,1,0,1
sim06_d1.5_meta1.5_r2_n400,1,1,2
sim06_d1.5_meta1.5_r2_n400,1,0,1
sim06_d1.5_meta1.5_r2_n400,1,1,1
sim06_d1.5_meta1.5_r2_n400,1,0,1
sim06_d1.5_meta1.5_r2_n400,0,0,1
sim06_d1.5_meta1.5_r2_n400,1,1,2
sim06_d1.5_meta1.5_r2_n400,1,1,2
sim06_d1.5_meta1.5_r2_n400,0,0,2
sim06_d1.5_meta1.5_r2_n400,0,0,2
sim06_d1.5_meta1.5_r2_n400,1,1,2
sim06_d1.5_meta1.5_r2_n400,1,1,2
sim06_d1.5_meta1.5_r2_n400,1,1,2
sim06_d1.5_meta1.5_r2_n400,0,0,2
sim06_d1.5_meta1.5_r2_n400,0,0,1
sim06_d1.5_meta1.5_r2_n400,1,1,1
sim06_d1.5_meta1.5_r2_n400,1,1,1
sim06_d1.5_meta1.5_r2_n400,1,0,1
sim06_d1.5_meta1.5_r2_n400,1,1,1
sim06_d1.5_meta1.5_r2_n400,1,1,2
sim06_d1.5_meta1.5_r2_n400,1,1,2
sim06_d1.5_meta1.5_r2_n400,1,1,1
sim06_d1.5_meta1.5_r2_n400,1,1,1
sim06_d1.5_meta1.5_r2_n400,0,1,2
sim06_d1.5_meta1.5_r2_n400,0,0,1
sim06_d1.5_meta1.5_r2_n400,1,1,1
sim06_d1.5_meta1.5_r2_n400,1,1,2
sim06_d1.5_meta1.5_r2_n400,0,0,2
sim06_d1.5_meta1.5_r2_n400,0,0,1
sim06_d1.5_meta1.5_r2_n400,1,1,2
sim06_d1.5_meta1.5_r2_n400,1,1,2
sim06_d1.5_meta1.5_r2_n400,0,0,2
sim06_d1.5_meta1.5_r2_n400,1,0,1
sim06_d1.5_meta1.5_r2_n400,1,1,1
sim06_d1.5_meta1.5_r2_n400,0,0,1
sim06_d1.5_meta1.5_r2_n400,0,0,1
sim06_d1.5_meta1.5_r2_n400,1,1,1
sim06_d1.5_meta1.5_r2_n400,0,0,2
sim06_d1.5_meta1.5_r2_n400,1,1,2
sim06_d1.5_meta1.5_r2_n400,0,1,1
sim06_d1.5_meta1.5_r2_n400,0,0,1
sim06_d1.5_meta1.5_r2_n400,1,0,1
sim06_d1.5_meta1.5_r2_n400,0,1,1
sim06_d1.5_meta1.5_r2_n400,0,0,2
sim06_d1.5_meta1.5_r2_n400,0,0,1
sim06_d1.5_meta1.5_r2_n400,0,0,2
sim06_d1.5_meta1.5_r2_n400,0,0,2
sim06_d1.5_meta1.5_r2_n400,1,1,2
sim06_d1.5_meta1.5_r2_n400,1,0,1
sim06_d1.5_meta1.5_r2_n400,0,1,2
sim06_d1.5_meta1.5_r2_n400,1,1,2
sim06_d1.5_meta1.5_r2_n400,0,0,1
sim06_d1.5_meta1.5_r2_n400,0,0,1
sim06_d1.5_meta1.5_r2_n400,1,1,2
sim06_d1.5_meta1.5_r2_n400,0,0,1
sim06_d1.5_meta1.5_r2_n400,1,1,2
sim06_d1.5_meta1.5_r2_n400,1,1,2
sim06_d1.5_meta1.5_r2_n400,1,0,1
sim06_d1.5_meta1.5_r2_n400,0,0,2
sim06_d1.5_meta1.5_r2_n400,0,0,2
sim06_d1.5_meta1.5_r2_n400,1,1,2
sim06_d1.5_meta1.5_r2_n400,1,1,2
sim06_d1.5_meta1.5_r2_n400,0,0,1
sim06_d1.5_meta1.5_r2_n400,0,0,2
sim06_d1.5_meta1.5_r2_n400,1,1,2
sim06_d1.5_meta1.5_r2_n400,0,1,1
sim06_d1.5_meta1.5_r2_n400,0,0,2
sim06_d1.5_meta1.5_r2_n400,0,1,1
sim06_d1.5_meta1.5_r2_n400,1,1,1
sim06_d1.5_meta1.5_r2_n400,1,0,1
sim06_d1.5_meta1.5_r2_n400,0,1,1
sim06_d1.5_meta1.5_r2_n400,1,1,2
sim06_d1.5_meta1.5_r2_n400,1,1,2
sim06_d1.5_meta1.5_r2_n400,1,1,2
sim06_d1.5_meta1.5_r2_n400,0,0,2
sim06_d1.5_meta1.5_r2_n400,0,1,1
sim06_d1.5_meta1.5_r2_n400,0,0,1
sim06_d1.5_meta1.5_r2_n400,1,1,2
sim06_d1.5_meta1.5_r2_n400,0,0,1
sim06_d1.5_meta1.5_r2_n400,0,0,1
sim06_d1.5_meta1.5_r2_n400,0,0,1
sim06_d1.5_meta1.5_r2_n400,1,1,2
sim06_d1.5_meta1.5_r2_n400,1,1,1
sim06_d1.5_meta1.5_r2_n400,1,1,2
sim06_d1.5_meta1.5_r2_n400,1,1,2
sim06_d1.5_meta1.5_r2_n400,0,0,2
sim06_d1.5_meta1.5_r2_n400,0,0,2
sim06_d1.5_meta1.5_r2_n400,0,1,1
sim06_d1.5_meta1.5_r2_n400,0,1,2
sim06_d1.5_meta1.5_r2_n400,0,1,2
sim06_d1.5_meta1.5_r2_n400,1,1,2
sim06_d1.5_meta1.5_r2_n400,1,1,2
sim06_d1.5_meta1.5_r2_n400,0,0,1
sim06_d1.5_meta1.5_r2_n400,0,1,2
sim06_d1.5_meta1.5_r2_n400,0,0,1
sim06_d1.5_meta1.5_r2_n400,1,1,2
sim06_d1.5_meta1.5_r2_n400,1,1,2
sim06_d1.5_meta1.5_r2_n400,0,0,1
sim06_d1.5_meta1.5_r2_n400,0,0,2
sim06_d1.5_meta1.5_r2_n400,1,1,2
sim06_d1.5_meta1.5_r2_n400,0,1,1
sim06_d1.5_meta1.5_r2_n400,1,1,2
sim06_d1.5_meta1.5_r2_n400,1,1,1
sim06_d1.5_meta1.5_r2_n400,1,1,2
sim06_d1.5_meta1.5_r2_n400,1,1,1
sim06_d1.5_meta1.5_r2_n400,1,0,1
sim06_d1.5_meta1.5_r2_n400,0,0,1
sim06_d1.5_meta1.5_r2_n400,0,1,2
sim06_d1.5_meta1.5_r2_n400,0,0,1
sim06_d1.5_meta1.5_r2_n400,0,0,1
sim06_d1.5_meta1.5_r2_n400,0,0,1
sim06_d1.5_meta1.5_r2_n400,0,0,1
sim06_d1.5_meta1.5_r2_n400,0,0,1
sim06_d1.5_meta1.5_r2_n400,1,1,2
sim06_d1.5_meta1.5_r2_n400,0,0,2
sim06_d1.5_meta1.5_r2_n400,1,1,2
sim06_d1.5_meta1.5_r2_n400,0,0,2
sim06_d1.5_meta1.5_r2_n400,0,1,2
sim06_d1.5_meta1.5_r2_n400,1,1,2
sim06_d1.5_meta1.5_r2_n400,0,0,1
sim06_d1.5_meta1.5_r2_n400,0,1,2
sim06_d1.5_meta1.5_r2_n400,0,0,2
sim06_d1.5_meta1.5_r2_n400,1,1,1
sim06_d1.5_meta1.5_r2_n400,1,1,2
sim06_d1.5_meta1.5_r2_n400,1,0,1
sim06_d1.5_meta1.5_r2_n400,0,0,1
sim06_d1.5_meta1.5_r2_n400,0,0,2
sim06_d1.5_meta1.5_r2_n400,1,1,2
sim06_d1.5_meta1.5_r2_n400,0,0,2
sim06_d1.5_meta1.5_r2_n400,0,0,1
sim06_d1.5_meta1.5_r2_n400,1,1,2
sim06_d1.5_meta1.5_r2_n400,1,0,1
sim06_d1.5_meta1.5_r2_n400,0,0,2
sim06_d1.5_meta1.5_r2_n400,0,0,2
sim06_d1.5_meta1.5_r2_n400,1,1,2
sim06_d1.5_meta1.5_r2_n400,0,0,1
sim06_d1.5_meta1.5_r2_n400,1,1,2
sim06_d1.5_meta1.5_r2_n400,0,0,1
sim06_d1.5_meta1.5_r2_n400,1,1,2
sim06_d1.5_meta1.5_r2_n400,1,1,2
sim06_d1.5_meta1.5_r2_n400,1,1,2
sim06_d1.5_meta1.5_r2_n400,1,0,1
sim06_d1.5_meta1.5_r2_n400,0,0,1
sim06_d1.5_meta1.5_r2_n400,0,0,1
sim06_d1.5_meta1.5_r2_n400,1,0,1
sim06_d1.5_meta1.5_r2_n400,0,0,1
sim06_d1.5_meta1.5_r2_n400,1,1,2
sim06_d1.5_meta1.5_r2_n400,1,0,1
sim06_d1.5_meta1.5_r2_n400,0,0,1
sim06_d1.5_meta1.5_r2_n400,0,0,2
sim06_d1.5_meta1.5_r2_n400,0,0,1
sim06_d1.5_meta1.5_r2_n400,0,0,1
sim06_d1.5_meta1.5_r2_n400,1,1,1
sim06_d1.5_meta1.5_r2_n400,0,0,1
sim06_d1.5_meta1.5_r2_n400,0,0,2
sim06_d1.5_meta1.5_r2_n400,0,1,1
sim06_d1.5_meta1.5_r2_n400,1,1,2
sim06_d1.5_meta1.5_r2_n400,1,1,2
sim06_d1.5_meta1.5_r2_n400,0,0,2
sim06_d1.5_meta1.5_r2_n400,0,1,2
sim06_d1.5_meta1.5_r2_n400,1,1,2
sim06_d1.5_meta1.5_r2_n400,1,1,2
sim06_d1.5_meta1.5_r2_n400,1,1,2
sim06_d1.5_meta1.5_r2_n400,1,0,1
sim06_d1.5_meta1.5_r2_n400,1,1,1
sim06_d1.5_meta1.5_r2_n400,1,1,2
sim06_d1.5_meta1.5_r2_n400,1,1,2
sim06_d1.5_meta1.5_r2_n400,1,1,2
sim06_d1.5_meta1.5_r2_n400,0,0,1
sim06_d1.5_meta1.5_r2_n400,1,0,1
sim06_d1.5_meta1.5_r2_n400,1,1,2
sim06_d1.5_meta1.5_r2_n400,1,1,2
sim06_d1.5_meta1.5_r2_n400,0,0,1
sim06_d1.5_meta1.5_r2_n400,0,0,2
sim06_d1.5_meta1.5_r2_n400,1,1,2
sim06_d1.5_meta1.5_r2_n400,0,0,2
sim06_d1.5_meta1.5_r2_n400,1,1,2
sim06_d1.5_meta1.5_r2_n400,1,0,1
sim06_d1.5_meta1.5_r2_n400,0,0,1
sim06_d1.5_meta1.5_r2_n400,1,0,1
sim06_d1.5_meta1.5_r2_n400,0,0,2
sim06_d1.5_meta1.5_r2_n400,1,1,2
sim06_d1.5_meta1.5_r2_n400,0,0,1
sim06_d1.5_meta1.5_r2_n400,1,1,2
sim06_d1.5_meta1.5_r2_n400,1,1,1
sim06_d1.5_meta1.5_r2_n400,1,1,2
sim06_d1.5_meta1.5_r2_n400,1,0,1
sim06_d1.5_meta1.5_r2_n400,1,1,2
sim06_d1.5_meta1.5_r2_n400,0,0,1
sim06_d1.5_meta1.5_r2_n400,0,1,1
sim06_d1.5_meta1.5_r2_n400,1,1,2
sim06_d1.5_meta1.5_r2_n400,0,1,1
sim06_d1.5_meta1.5_r2_n400,0,0,1
sim06_d1.5_meta1.5_r2_n400,0,1,1
sim06_d1.5_meta1.5_r2_n400,0,0,1
sim06_d1.5_meta1.5_r2_n400,1,0,1
sim06_d1.5_meta1.5_r2_n400,1,1,2
sim06_d1.5_meta1.5_r2_n400,0,0,2
sim06_d1.5_meta1.5_r2_n400,1,1,2
sim06_d1.5_meta1.5_r2_n400,1,1,2
sim06_d1.5_meta1.5_r2_n400,0,0,2
sim06_d1.5_meta1.5_r2_n400,1,1,1
sim06_d1.5_meta1.5_r2_n400,0,0,2
sim06_d1.5_meta1.5_r2_n400,0,1,1
sim06_d1.5_meta1.5_r2_n400,0,0,1
sim06_d1.5_meta1.5_r2_n400,1,1,2
sim06_d1.5_meta1.5_r2_n400,1,1,2
sim06_d1.5_meta1.5_r2_n400,0,0,1
sim06_d1.5_meta1.5_r2_n400,1,1,2
sim06_d1.5_meta1.5_r2_n400,0,1,1
sim06_d1.5_meta1.5_r2_n400,0,0,1
sim06_d1.5_meta1.5_r2_n400,1,1,1
sim06_d1.5_meta1.5_r2_n400,0,0,1
sim06_d1.5_meta1.5_r2_n400,1,1,1
sim06_d1.5_meta1.5_r2_n400,0,1,2
sim06_d1.5_meta1.5_r2_n400,1,1,2
sim06_d1.5_meta1.5_r2_n400,1,1,1
sim06_d1.5_meta1.5_r2_n400,0,0,2
sim06_d1.5_meta1.5_r2_n400,0,0,1
sim06_d1.5_meta1.5_r2_n400,0,0,1
sim06_d1.5_meta1.5_r2_n400,1,0,1
sim06_d1.5_meta1.5_r2_n400,1,1,2
sim06_d1.5_meta1.5_r2_n400,1,1,2
sim06_d1.5_meta1.5_r2_n400,0,1,1
sim06_d1.5_meta1.5_r2_n400,0,0,1
sim06_d1.5_meta1.5_r2_n400,1,1,2
sim06_d1.5_meta1.5_r2_n400,1,1,2
sim06_d1.5_meta1.5_r2_n400,0,0,2
sim06_d1.5_meta1.5_r2_n400,1,0,1
sim06_d1.5_meta1.5_r2_n400,1,1,1
sim06_d1.5_meta1.5_r2_n400,0,1,2
sim06_d1.5_meta1.5_r2_n400,0,0,2
sim06_d1.5_meta1.5_r2_n400,0,0,1
sim06_d1.5_meta1.5_r2_n400,0,0,2
sim06_d1.5_meta1.5_r2_n400,1,1,2
sim06_d1.5_meta1.5_r2_n400,0,0,1
sim06_d1.5_meta1.5_r2_n400,0,0,1
sim06_d1.5_meta1.5_r2_n400,0,0,1
sim06_d1.5_meta1.5_r2_n400,0,0,2
sim06_d1.5_meta1.5_r2_n400,1,1,2
sim06_d1.5_meta1.5_r2_n400,0,0,1
sim06_d1.5_meta1.5_r2_n400,1,1,1
sim06_d1.5_meta1.5_r2_n400,1,1,2
sim06_d1.5_meta1.5_r2_n400,1,1,2
sim06_d1.5_meta1.5_r2_n400,1,1,2
sim06_d1.5_meta1.5_r2_n400,1,1,2
sim06_d1.5_meta1.5_r2_n400,0,0,1
sim06_d1.5_meta1.5_r2_n400,0,0,1
sim06_d1.5_meta1.5_r2_n400,1,1,2
sim06_d1.5_meta1.5_r2_n400,0,0,1
sim06_d1.5_meta1.5_r2_n400,1,1,2
sim06_d1.5_meta1.5_r2_n400,0,1,2
sim06_d1.5_meta1.5_r2_n400,0,0,2
sim06_d1.5_meta1.5_r2_n400,1,0,1
sim06_d1.5_meta1.5_r2_n400,1,0,1
sim06_d1.5_meta1.5_r2_n400,1,1,2
sim06_d1.5_meta1.5_r2_n400,0,0,1
sim06_d1.5_meta1.5_r2_n400,0,0,1
sim06_d1.5_meta1.5_r2_n400,0,0,2
sim06_d1.5_meta1.5_r2_n400,1,1,2
sim06_d1.5_meta1.5_r2_n400,1,1,2
sim06_d1.5_meta1.5_r2_n400,0,0,1
sim06_d1.5_meta1.5_r2_n400,1,0,2
sim06_d1.5_meta1.5_r2_n400,0,0,1
sim06_d1.5_meta1.5_r2_n400,1,1,2
sim06_d1.5_meta1.5_r2_n400,1,1,2
sim06_d1.5_meta1.5_r2_n400,1,1,2
sim06_d1.5_meta1.5_r2_n400,0,0,1
sim06_d1.5_meta1.5_r2_n400,0,0,1
sim06_d1.5_meta1.5_r2_n400,1,1,2
sim06_d1.5_meta1.5_r2_n400,1,1,2
sim06_d1.5_meta1.5_r2_n400,1,1,1
sim06_d1.5_meta1.5_r2_n400,1,1,2
sim06_d1.5_meta1.5_r2_n400,1,0,1
sim06_d1.5_meta1.5_r2_n400,0,0,1
sim06_d1.5_meta1.5_r2_n400,1,1,1
sim06_d1.5_meta1.5_r2_n400,1,1,2
sim06_d1.5_meta1.5_r2_n400,1,0,1
sim06_d1.5_meta1.5_r2_n400,0,1,2
sim06_d1.5_meta1.5_r2_n400,1,0,1
sim06_d1.5_meta1.5_r2_n400,0,1,2
sim06_d1.5_meta1.5_r2_n400,0,1,1
sim06_d1.5_meta1.5_r2_n400,1,1,2
sim06_d1.5_meta1.5_r2_n400,0,0,1
sim06_d1.5_meta1.5_r2_n400,0,0,1
sim06_d1.5_meta1.5_r2_n400,1,1,2
sim06_d1.5_meta1.5_r2_n400,0,0,1
sim06_d1.5_meta1.5_r2_n400,1,1,2
sim06_d1.5_meta1.5_r2_n400,1,1,1
sim06_d1.5_meta1.5_r2_n400,0,0,1
sim06_d1.5_meta1.5_r2_n400,1,1,2
sim06_d1.5_meta1.5_r2_n400,1,1,2
sim06_d1.5_meta1.5_r2_n400,0,0,1
sim06_d1.5_meta1.5_r2_n400,0,0,1
sim06_d1.5_meta1.5_r2_n400,0,0,1
sim06_d1.5_meta1.5_r2_n400,1,0,1
sim06_d1.5_meta1.5_r2_n400,1,1,2
sim06_d1.5_meta1.5_r2_n400,0,0,1
sim06_d1.5_meta1.5_r2_n400,0,0,1
sim06_d1.5_meta1.5_r2_n400,0,0,1
sim06_d1.5_meta1.5_r2_n400,0,0,1
sim06_d1.5_meta1.5_r2_n400,1,1,1
sim06_d1.5_meta1.5_r2_n400,1,1,2
sim06_d1.5_meta1.5_r2_n400,1,0,1
sim06_d1.5_meta1.5_r2_n400,0,1,2
sim06_d1.5_meta1.5_r2_n400,0,1,1
sim06_d1.5_meta1.5_r2_n400,0,0,1
sim06_d1.5_meta1.5_r2_n400,1,0,1
sim06_d1.5_meta1.5_r2_n400,1,1,1
sim06_d1.5_meta1.5_r2_n400,1,1,2
sim06_d1.5_meta1.5_r2_n400,0,0,1
sim06_d1.5_meta1.5_r2_n400,0,0,2
sim06_d1.5_meta1.5_r2_n400,1,0,1
sim06_d1.5_meta1.5_r2_n400,0,0,2
sim06_d1.5_meta1.5_r2_n400,1,0,1
sim06_d1.5_meta1.5_r2_n400,1,0,1
sim06_d1.5_meta1.5_r2_n400,0,0,1
sim06_d1.5_meta1.5_r2_n400,1,1,2
sim06_d1.5_meta1.5_r2_n400,0,0,1
sim06_d1.5_meta1.5_r2_n400,0,0,1
sim06_d1.5_meta1.5_r2_n400,0,0,1
sim06_d1.5_meta1.5_r2_n400,0,0,1
sim06_d1.5_meta1.5_r2_n400,0,1,2
sim06_d1.5_meta1.5_r2_n400,1,1,2
sim06_d1.5_meta1.5_r2_n400,0,1,1
sim06_d1.5_meta1.5_r2_n400,1,1,2
sim06_d1.5_meta1.5_r2_n400,1,1,1
sim06_d1.5_meta1.5_r2_n400,1,1,2
sim06_d1.5_meta1.5_r2_n400,1,1,2
sim06_d1.5_meta1.5_r2_n400,0,1,1
sim06_d1.5_meta1.5_r2_n400,0,0,1
sim06_d1.5_meta1.5_r2_n400,0,0,2
sim06_d1.5_meta1.5_r2_n400,1,0,1
sim06_d1.5_meta1.5_r2_n400,0,0,1
sim06_d1.5_meta1.5_r2_n400,0,0,1
sim06_d1.5_meta1.5_r2_n400,0,0,1
sim06_d1.5_meta1.5_r2_n400,1,1,2
sim06_d1.5_meta1.5_r2_n400,0,0,1
sim06_d1.5_meta1.5_r2_n400,1,0,1
sim06_d1.5_meta1.5_r2_n400,1,1,2
sim06_d1.5_meta1.5_r2_n400,0,1,2
sim06_d1.5_meta1.5_r2_n400,1,0,2
sim06_d1.5_meta1.5_r2_n400,0,1,2
sim06_d1.5_meta1.5_r2_n400,1,1,2
sim06_d1.5_meta1.5_r2_n400,0,1,1
sim06_d1.5_meta1.5_r2_n400,1,1,2
sim06_d1.5_meta1.5_r2_n400,1,1,1
sim06_d1.5_meta1.5_r2_n400,1,1,2
sim06_d1.5_meta1.5_r2_n400,0,1,1
sim06_d1.5_meta1.5_r2_n400,1,0,1
sim06_d1.5_meta1.5_r2_n400,0,1,1
sim06_d1.5_meta1.5_r2_n400,0,0,1
sim06_d1.5_meta1.5_r2_n400,1,0,1
sim06_d1.5_meta1.5_r2_n400,1,0,1
sim06_d1.5_meta1.5_r2_n400,1,1,2
sim06_d1.5_meta1.5_r2_n400,1,1,2
sim06_d1.5_meta1.5_r2_n400,0,0,1
sim06_d1.5_meta1.5_r2_n400,0,0,1
sim06_d1.5_meta1.5_r2_n400,0,0,1
sim06_d1.5_meta1.5_r2_n400,1,1,2
sim06_d1.5_meta1.5_r2_n400,0,0,1
sim06_d1.5_meta1.5_r2_n400,0,0,1
sim06_d1.5_meta1.5_r2_n400,0,0,1
sim06_d1.5_meta1.5_r2_n400,0,0,1
sim06_d1.5_meta1.5_r2_n400,1,1,2
sim07_d1.5_meta1.5_r6_n400,1,0,1
sim07_d1.5_meta1.5_r6_n400,0,1,1
sim07_d1.5_meta1.5_r6_n400,0,1,1
sim07_d1.5_meta1.5_r6_n400,1,1,6
sim07_d1.5_meta1.5_r6_n400,0,0,4
sim07_d1.5_meta1.5_r6_n400,1,1,2
sim07_d1.5_meta1.5_r6_n400,0,1,1
sim07_d1.5_meta1.5_r6_n400,1,1,4
sim07_d1.5_meta1.5_r6_n400,1,1,5
sim07_d1.5_meta1.5_r6_n400,0,0,1
sim07_d1.5_meta1.5_r6_n400,1,0,2
sim07_d1.5_meta1.5_r6_n400,1,1,1
sim07_d1.5_meta1.5_r6_n400,0,0,5
sim07_d1.5_meta1.5_r6_n400,0,0,6
sim07_d1.5_meta1.5_r6_n400,0,0,1
sim07_d1.5_meta1.5_r6_n400,0,0,1
sim07_d1.5_meta1.5_r6_n400,0,0,6
sim07_d1.5_meta1.5_r6_n400,1,1,5
sim07_d1.5_meta1.5_r6_n400,0,0,2
sim07_d1.5_meta1.5_r6_n400,0,0,3
sim07_d1.5_meta1.5_r6_n400,0,0,6
sim07_d1.5_meta1.5_r6_n400,0,0,6
sim07_d1.5_meta1.5_r6_n400,1,1,6
sim07_d1.5_meta1.5_r6_n400,0,0,4
sim07_d1.5_meta1.5_r6_n400,1,1,2
sim07_d1.5_meta1.5_r6_n400,0,0,4
sim07_d1.5_meta1.5_r6_n400,1,1,3
sim07_d1.5_meta1.5_r6_n400,1,1,1
sim07_d1.5_meta1.5_r6_n400,1,1,3
sim07_d1.5_meta1.5_r6_n400,1,1,4
sim07_d1.5_meta1.5_r6_n400,0,0,5
sim07_d1.5_meta1.5_r6_n400,1,1,5
sim07_d1.5_meta1.5_r6_n400,0,1,1
sim07_d1.5_meta1.5_r6_n400,0,0,6
sim07_d1.5_meta1.5_r6_n400,1,0,1
sim07_d1.5_meta1.5_r6_n400,0,0,6
sim07_d1.5_meta1.5_r6_n400,0,1,1
sim07_d1.5_meta1.5_r6_n400,1,1,2
sim07_d1.5_meta1.5_r6_n400,0,1,3
sim07_d1.5_meta1.5_r6_n400,1,1,3
sim07_d1.5_meta1.5_r6_n400,1,1,5
sim07_d1.5_meta1.5_r6_n400,1,0,1
sim07_d1.5_meta1.5_r6_n400,0,0,1
sim07_d1.5_meta1.5_r6_n400,0,0,2
sim07_d1.5_meta1.5_r6_n400,1,1,3
sim07_d1.5_meta1.5_r6_n400,1,1,3
sim07_d1.5_meta1.5_r6_n400,1,0,1
sim07_d1.5_meta1.5_r6_n400,1,0,1
sim07_d1.5_meta1.5_r6_n400,0,1,1
sim07_d1.5_meta1.5_r6_n400,0,0,6
sim07_d1.5_meta1.5_r6_n400,0,0,1
sim07_d1.5_meta1.5_r6_n400,1,0,1
sim07_d1.5_meta1.5_r6_n400,1,1,4
sim07_d1.5_meta1.5_r6_n400,1,1,5
sim07_d1.5_meta1.5_r6_n400,0,0,3
sim07_d1.5_meta1.5_r6_n400,1,1,6
sim07_d1.5_meta1.5_r6_n400,1,1,2
sim07_d1.5_meta1.5_r6_n400,1,1,1
sim07_d1.5_meta1.5_r6_n400,1,1,3
sim07_d1.5_meta1.5_r6_n400,1,0,1
sim07_d1.5_meta1.5_r6_n400,1,1,1
sim07_d1.5_meta1.5_r6_n400,1,1,1
sim07_d1.5_meta1.5_r6_n400,1,1,6
sim07_d1.5_meta1.5_r6_n400,0,0,4
sim07_d1.5_meta1.5_r6_n400,1,1,6
sim07_d1.5_meta1.5_r6_n400,0,0,2
sim07_d1.5_meta1.5_r6_n400,1,1,1
sim07_d1.5_meta1.5_r6_n400,1,1,3
sim07_d1.5_meta1.5_r6_n400,1,1,2
sim07_d1.5_meta1.5_r6_n400,0,0,5
sim07_d1.5_meta1.5_r6_n400,1,1,1
sim07_d1.5_meta1.5_r6_n400,1,1,1
sim07_d1.5_meta1.5_r6_n400,0,0,6
sim07_d1.5_meta1.5_r6_n400,1,1,1
sim07_d1.5_meta1.5_r6_n400,1,1,3
sim07_d1.5_meta1.5_r6_n400,0,0,4
sim07_d1.5_meta1.5_r6_n400,1,1,6
sim07_d1.5_meta1.5_r6_n400,1,1,1
sim07_d1.5_meta1.5_r6_n400,0,0,1
sim07_d1.5_meta1.5_r6_n400,0,0,6
sim07_d1.5_meta1.5_r6_n400,0,0,6
sim07_d1.5_meta1.5_r6_n400,1,0,2
sim07_d1.5_meta1.5_r6_n400,0,0,6
sim07_d1.5_meta1.5_r6_n400,1,1,3
sim07_d1.5_meta1.5_r6_n400,0,1,6
sim07_d1.5_meta1.5_r6_n400,0,0,4
sim07_d1.5_meta1.5_r6_n400,1,1,3
sim07_d1.5_meta1.5_r6_n400,1,0,2
sim07_d1.5_meta1.5_r6_n400,0,0,1
sim07_d1.5_meta1.5_r6_n400,0,0,1
sim07_d1.5_meta1.5_r6_n400,0,0,5
sim07_d1.5_meta1.5_r6_n400,1,0,4
sim07_d1.5_meta1.5_r6_n400,0,0,3
sim07_d1.5_meta1.5_r6_n400,0,0,3
sim07_d1.5_meta1.5_r6_n400,0,0,3
sim07_d1.5_meta1.5_r6_n400,0,0,4
sim07_d1.5_meta1.5_r6_n400,0,0,1
sim07_d1.5_meta1.5_r6_n400,1,1,2
sim07_d1.5_meta1.5_r6_n400,0,0,6
sim07_d1.5_meta1.5_r6_n400,0,1,2
sim07_d1.5_meta1.5_r6_n400,1,1,6
sim07_d1.5_meta1.5_r6_n400,1,1,6
sim07_d1.5_meta1.5_r6_n400,1,1,3
sim07_d1.5_meta1.5_r6_n400,1,1,5
sim07_d1.5_meta1.5_r6_n400,1,0,4
sim07_d1.5_meta1.5_r6_n400,1,1,3
sim07_d1.5_meta1.5_r6_n400,0,0,5
sim07_d1.5_meta1.5_r6_n400,0,0,1
sim07_d1.5_meta1.5_r6_n400,1,1,1
sim07_d1.5_meta1.5_r6_n400,1,1,6
sim07_d1.5_meta1.5_r6_n400,1,1,6
sim07_d1.5_meta1.5_r6_n400,0,0,1
sim07_d1.5_meta1.5_r6_n400,0,0,3
sim07_d1.5_meta1.5_r6_n400,0,0,3
sim07_d1.5_meta1.5_r6_n400,0,0,5
sim07_d1.5_meta1.5_r6_n400,0,1,2
sim07_d1.5_meta1.5_r6_n400,0,0,3
sim07_d1.5_meta1.5_r6_n400,0,1,3
sim07_d1.5_meta1.5_r6_n400,0,1,2
sim07_d1.5_meta1.5_r6_n400,0,0,5
sim07_d1.5_meta1.5_r6_n400,0,1,1
sim07_d1.5_meta1.5_r6_n400,1,1,2
sim07_d1.5_meta1.5_r6_n400,1,1,1
sim07_d1.5_meta1.5_r6_n400,1,0,1
sim07_d1.5_meta1.5_r6_n400,0,0,3
sim07_d1.5_meta1.5_r6_n400,1,1,2
sim07_d1.5_meta1.5_r6_n400,0,0,2
sim07_d1.5_meta1.5_r6_n400,0,0,1
sim07_d1.5_meta1.5_r6_n400,1,0,1
sim07_d1.5_meta1.5_r6_n400,0,0,1
sim07_d1.5_meta1.5_r6_n400,1,1,3
sim07_d1.5_meta1.5_r6_n400,1,1,4
sim07_d1.5_meta1.5_r6_n400,1,1,6
sim07_d1.5_meta1.5_r6_n400,1,1,5
sim07_d1.5_meta1.5_r6_n400,1,1,2
sim07_d1.5_meta1.5_r6_n400,1,1,5
sim07_d1.5_meta1.5_r6_n400,1,1,4
sim07_d1.5_meta1.5_r6_n400,0,1,1
sim07_d1.5_meta1.5_r6_n400,0,1,1
sim07_d1.5_meta1.5_r6_n400,1,1,6
sim07_d1.5_meta1.5_r6_n400,1,1,5
sim07_d1.5_meta1.5_r6_n400,0,0,6
sim07_d1.5_meta1.5_r6_n400,1,1,5
sim07_d1.5_meta1.5_r6_n400,0,0,1
sim07_d1.5_meta1.5_r6_n400,0,0,2
sim07_d1.5_meta1.5_r6_n400,0,1,1
sim07_d1.5_meta1.5_r6_n400,1,1,5
sim07_d1.5_meta1.5_r6_n400,1,1,4
sim07_d1.5_meta1.5_r6_n400,0,0,1
sim07_d1.5_meta1.5_r6_n400,0,1,1
sim07_d1.5_meta1.5_r6_n400,1,1,4
sim07_d1.5_meta1.5_r6_n400,0,0,1
sim07_d1.5_meta1.5_r6_n400,0,1,1
sim07_d1.5_meta1.5_r6_n400,1,1,5
sim07_d1.5_meta1.5_r6_n400,1,1,6
sim07_d1.5_meta1.5_r6_n400,1,1,6
sim07_d1.5_meta1.5_r6_n400,1,1,1
sim07_d1.5_meta1.5_r6_n400,1,1,5
sim07_d1.5_meta1.5_r6_n400,1,1,1
sim07_d1.5_meta1.5_r6_n400,0,0,1
sim07_d1.5_meta1.5_r6_n400,0,0,2
sim07_d1.5_meta1.5_r6_n400,1,1,6
sim07_d1.5_meta1.5_r6_n400,1,0,2
sim07_d1.5_meta1.5_r6_n400,1,1,3
sim07_d1.5_meta1.5_r6_n400,0,0,2
sim07_d1.5_meta1.5_r6_n400,0,1,2
sim07_d1.5_meta1.5_r6_n400,1,1,1
sim07_d1.5_meta1.5_r6_n400,0,0,1
sim07_d1.5_meta1.5_r6_n400,1,0,1
sim07_d1.5_meta1.5_r6_n400,1,1,6
sim07_d1.5_meta1.5_r6_n400,1,1,4
sim07_d1.5_meta1.5_r6_n400,0,0,6
sim07_d1.5_meta1.5_r6_n400,0,0,6
sim07_d1.5_meta1.5_r6_n400,1,1,6
sim07_d1.5_meta1.5_r6_n400,0,0,3
sim07_d1.5_meta1.5_r6_n400,0,0,1
sim07_d1.5_meta1.5_r6_n400,0,0,2
sim07_d1.5_meta1.5_r6_n400,0,0,4
sim07_d1.5_meta1.5_r6_n400,1,0,2
sim07_d1.5_meta1.5_r6_n400,1,1,1
sim07_d1.5_meta1.5_r6_n400,0,0,2
sim07_d1.5_meta1.5_r6_n400,1,1,4
sim07_d1.5_meta1.5_r6_n400,1,1,6
sim07_d1.5_meta1.5_r6_n400,0,0,6
sim07_d1.5_meta1.5_r6_n400,1,1,2
sim07_d1.5_meta1.5_r6_n400,0,0,2
sim07_d1.5_meta1.5_r6_n400,1,1,6
sim07_d1.5_meta1.5_r6_n400,0,0,3
sim07_d1.5_meta1.5_r6_n400,1,1,3
sim07_d1.5_meta1.5_r6_n400,1,1,4
sim07_d1.5_meta1.5_r6_n400,1,1,4
sim07_d1.5_meta1.5_r6_n400,0,0,5
sim07_d1.5_meta1.5_r6_n400,0,0,4
sim07_d1.5_meta1.5_r6_n400,0,0,1
sim07_d1.5_meta1.5_r6_n400,1,0,1
sim07_d1.5_meta1.5_r6_n400,1,1,3
sim07_d1.5_meta1.5_r6_n400,0,1,4
sim07_d1.5_meta1.5_r6_n400,1,1,6
sim07_d1.5_meta1.5_r6_n400,1,1,6
sim07_d1.5_meta1.5_r6_n400,0,0,6
sim07_d1.5_meta1.5_r6_n400,0,0,6
sim07_d1.5_meta1.5_r6_n400,1,1,3
sim07_d1.5_meta1.5_r6_n400,1,1,1
sim07_d1.5_meta1.5_r6_n400,0,1,2
sim07_d1.5_meta1.5_r6_n400,1,1,1
sim07_d1.5_meta1.5_r6_n400,0,0,6
sim07_d1.5_meta1.5_r6_n400,1,1,6
sim07_d1.5_meta1.5_r6_n400,0,0,2
sim07_d1.5_meta1.5_r6_n400,1,1,1
sim07_d1.5_meta1.5_r6_n400,0,1,2
sim07_d1.5_meta1.5_r6_n400,1,1,6
sim07_d1.5_meta1.5_r6_n400,0,0,1
sim07_d1.5_meta1.5_r6_n400,0,1,2
sim07_d1.5_meta1.5_r6_n400,1,0,3
sim07_d1.5_meta1.5_r6_n400,0,1,3
sim07_d1.5_meta1.5_r6_n400,1,1,4
sim07_d1.5_meta1.5_r6_n400,0,1,5
sim07_d1.5_meta1.5_r6_n400,1,1,5
sim07_d1.5_meta1.5_r6_n400,0,0,1
sim07_d1.5_meta1.5_r6_n400,1,1,2
sim07_d1.5_meta1.5_r6_n400,0,0,6
sim07_d1.5_meta1.5_r6_n400,1,0,3
sim07_d1.5_meta1.5_r6_n400,1,1,5
sim07_d1.5_meta1.5_r6_n400,1,0,6
sim07_d1.5_meta1.5_r6_n400,1,1,3
sim07_d1.5_meta1.5_r6_n400,0,0,2
sim07_d1.5_meta1.5_r6_n400,0,0,5
sim07_d1.5_meta1.5_r6_n400,0,1,1
sim07_d1.5_meta1.5_r6_n400,1,0,1
sim07_d1.5_meta1.5_r6_n400,0,0,5
sim07_d1.5_meta1.5_r6_n400,1,0,2
sim07_d1.5_meta1.5_r6_n400,1,1,3
sim07_d1.5_meta1.5_r6_n400,0,0,6
sim07_d1.5_meta1.5_r6_n400,0,0,2
sim07_d1.5_meta1.5_r6_n400,1,1,2
sim07_d1.5_meta1.5_r6_n400,1,1,2
sim07_d1.5_meta1.5_r6_n400,1,1,6
sim07_d1.5_meta1.5_r6_n400,1,0,1
sim07_d1.5_meta1.5_r6_n400,0,0,6
sim07_d1.5_meta1.5_r6_n400,0,0,1
sim07_d1.5_meta1.5_r6_n400,0,0,3
sim07_d1.5_meta1.5_r6_n400,1,0,1
sim07_d1.5_meta1.5_r6_n400,0,0,6
sim07_d1.5_meta1.5_r6_n400,0,0,4
sim07_d1.5_meta1.5_r6_n400,1,1,2
sim07_d1.5_meta1.5_r6_n400,1,1,6
sim07_d1.5_meta1.5_r6_n400,1,1,1
sim07_d1.5_meta1.5_r6_n400,0,0,3
sim07_d1.5_meta1.5_r6_n400,1,1,3
sim07_d1.5_meta1.5_r6_n400,1,1,2
sim07_d1.5_meta1.5_r6_n400,0,0,3
sim07_d1.5_meta1.5_r6_n400,0,1,1
sim07_d1.5_meta1.5_r6_n400,0,1,1
sim07_d1.5_meta1.5_r6_n400,0,0,2
sim07_d1.5_meta1.5_r6_n400,0,0,5
sim07_d1.5_meta1.5_r6_n400,1,1,6
sim07_d1.5_meta1.5_r6_n400,0,0,3
sim07_d1.5_meta1.5_r6_n400,0,1,2
sim07_d1.5_meta1.5_r6_n400,0,1,2
sim07_d1.5_meta1.5_r6_n400,1,1,6
sim07_d1.5_meta1.5_r6_n400,0,1,3
sim07_d1.5_meta1.5_r6_n400,1,0,1
sim07_d1.5_meta1.5_r6_n400,0,0,6
sim07_d1.5_meta1.5_r6_n400,1,1,6
sim07_d1.5_meta1.5_r6_n400,0,0,2
sim07_d1.5_meta1.5_r6_n400,0,0,6
sim07_d1.5_meta1.5_r6_n400,0,1,5
sim07_d1.5_meta1.5_r6_n400,0,0,3
sim07_d1.5_meta1.5_r6_n400,1,1,6
sim07_d1.5_meta1.5_r6_n400,1,0,1
sim07_d1.5_meta1.5_r6_n400,1,0,2
sim07_d1.5_meta1.5_r6_n400,0,0,2
sim07_d1.5_meta1.5_r6_n400,1,1,6
sim07_d1.5_meta1.5_r6_n400,0,0,3
sim07_d1.5_meta1.5_r6_n400,1,0,1
sim07_d1.5_meta1.5_r6_n400,1,1,6
sim07_d1.5_meta1.5_r6_n400,0,0,6
sim07_d1.5_meta1.5_r6_n400,1,0,1
sim07_d1.5_meta1.5_r6_n400,1,0,1
sim07_d1.5_meta1.5_r6_n400,0,0,1
sim07_d1.5_meta1.5_r6_n400,1,1,5
sim07_d1.5_meta1.5_r6_n400,1,1,3
sim07_d1.5_meta1.5_r6_n400,1,1,6
sim07_d1.5_meta1.5_r6_n400,0,0,2
sim07_d1.5_meta1.5_r6_n400,1,0,1
sim07_d1.5_meta1.5_r6_n400,0,0,2
sim07_d1.5_meta1.5_r6_n400,0,0,5
sim07_d1.5_meta1.5_r6_n400,1,0,4
sim07_d1.5_meta1.5_r6_n400,0,0,2
sim07_d1.5_meta1.5_r6_n400,0,0,1
sim07_d1.5_meta1.5_r6_n400,1,1,6
sim07_d1.5_meta1.5_r6_n400,0,0,6
sim07_d1.5_meta1.5_r6_n400,0,0,6
sim07_d1.5_meta1.5_r6_n400,1,1,6
sim07_d1.5_meta1.5_r6_n400,0,0,6
sim07_d1.5_meta1.5_r6_n400,0,1,1
sim07_d1.5_meta1.5_r6_n400,1,0,2
sim07_d1.5_meta1.5_r6_n400,0,0,5
sim07_d1.5_meta1.5_r6_n400,1,1,6
sim07_d1.5_meta1.5_r6_n400,0,0,4
sim07_d1.5_meta1.5_r6_n400,1,1,2
sim07_d1.5_meta1.5_r6_n400,0,0,1
sim07_d1.5_meta1.5_r6_n400,1,1,5
sim07_d1.5_meta1.5_r6_n400,0,1,1
sim07_d1.5_meta1.5_r6_n400,0,0,3
sim07_d1.5_meta1.5_r6_n400,1,1,6
sim07_d1.5_meta1.5_r6_n400,0,1,4
sim07_d1.5_meta1.5_r6_n400,1,0,1
sim07_d1.5_meta1.5_r6_n400,0,1,1
sim07_d1.5_meta1.5_r6_n400,0,0,6
sim07_d1.5_meta1.5_r6_n400,1,0,1
sim07_d1.5_meta1.5_r6_n400,1,1,2
sim07_d1.5_meta1.5_r6_n400,1,1,4
sim07_d1.5_meta1.5_r6_n400,0,0,1
sim07_d1.5_meta1.5_r6_n400,1,1,2
sim07_d1.5_meta1.5_r6_n400,0,1,1
sim07_d1.5_meta1.5_r6_n400,1,1,6
sim07_d1.5_meta1.5_r6_n400,0,0,4
sim07_d1.5_meta1.5_r6_n400,1,1,3
sim07_d1.5_meta1.5_r6_n400,1,1,6
sim07_d1.5_meta1.5_r6_n400,0,0,1
sim07_d1.5_meta1.5_r6_n400,0,0,1
sim07_d1.5_meta1.5_r6_n400,1,0,1
sim07_d1.5_meta1.5_r6_n400,0,0,4
sim07_d1.5_meta1.5_r6_n400,0,0,2
sim07_d1.5_meta1.5_r6_n400,1,0,2
sim07_d1.5_meta1.5_r6_n400,1,1,6
sim07_d1.5_meta1.5_r6_n400,0,0,5
sim07_d1.5_meta1.5_r6_n400,1,1,1
sim07_d1.5_meta1.5_r6_n400,1,0,1
sim07_d1.5_meta1.5_r6_n400,0,1,4
sim07_d1.5_meta1.5_r6_n400,0,1,1
sim07_d1.5_meta1.5_r6_n400,1,1,1
sim07_d1.5_meta1.5_r6_n400,1,1,6
sim07_d1.5_meta1.5_r6_n400,0,0,5
sim07_d1.5_meta1.5_r6_n400,1,1,3
sim07_d1.5_meta1.5_r6_n400,0,0,2
sim07_d1.5_meta1.5_r6_n400,0,0,5
sim07_d1.5_meta1.5_r6_n400,0,0,6
sim07_d1.5_meta1.5_r6_n400,0,0,3
sim07_d1.5_meta1.5_r6_n400,0,0,6
sim07_d1.5_meta1.5_r6_n400,1,1,6
sim07_d1.5_meta1.5_r6_n400,0,0,6
sim07_d1.5_meta1.5_r6_n400,1,1,3
sim07_d1.5_meta1.5_r6_n400,0,1,1
sim07_d1.5_meta1.5_r6_n400,0,0,2
sim07_d1.5_meta1.5_r6_n400,1,1,6
sim07_d1.5_meta1.5_r6_n400,0,1,5
sim07_d1.5_meta1.5_r6_n400,1,1,1
sim07_d1.5_meta1.5_r6_n400,0,0,5
sim07_d1.5_meta1.5_r6_n400,1,1,6
sim07_d1.5_meta1.5_r6_n400,0,0,2
sim07_d1.5_meta1.5_r6_n400,0,0,6
sim07_d1.5_meta1.5_r6_n400,1,1,6
sim07_d1.5_meta1.5_r6_n400,1,1,4
sim07_d1.5_meta1.5_r6_n400,0,0,1
sim07_d1.5_meta1.5_r6_n400,1,1,6
sim07_d1.5_meta1.5_r6_n400,1,1,1
sim07_d1.5_meta1.5_r6_n400,0,1,1
sim07_d1.5_meta1.5_r6_n400,1,1,3
sim07_d1.5_meta1.5_r6_n400,0,1,4
sim07_d1.5_meta1.5_r6_n400,1,1,4
sim07_d1.5_meta1.5_r6_n400,0,0,5
sim07_d1.5_meta1.5_r6_n400,0,0,6
sim07_d1.5_meta1.5_r6_n400,0,0,5
sim07_d1.5_meta1.5_r6_n400,0,0,1
sim07_d1.5_meta1.5_r6_n400,1,1,6
sim07_d1.5_meta1.5_r6_n400,1,1,1
sim07_d1.5_meta1.5_r6_n400,1,1,4
sim07_d1.5_meta1.5_r6_n400,0,0,1
sim07_d1.5_meta1.5_r6_n400,0,0,2
sim07_d1.5_meta1.5_r6_n400,0,0,3
sim07_d1.5_meta1.5_r6_n400,1,0,6
sim07_d1.5_meta1.5_r6_n400,0,0,4
sim07_d1.5_meta1.5_r6_n400,0,0,3
sim07_d1.5_meta1.5_r6_n400,0,0,1
sim07_d1.5_meta1.5_r6_n400,1,1,3
sim07_d1.5_meta1.5_r6_n400,1,0,1
sim07_d1.5_meta1.5_r6_n400,0,0,2
sim07_d1.5_meta1.5_r6_n400,0,0,3
sim07_d1.5_meta1.5_r6_n400,1,1,6
sim07_d1.5_meta1.5_r6_n400,0,0,4
sim07_d1.5_meta1.5_r6_n400,0,0,6
sim07_d1.5_meta1.5_r6_n400,0,0,6
sim07_d1.5_meta1.5_r6_n400,1,1,6
sim07_d1.5_meta1.5_r6_n400,0,0,2
sim07_d1.5_meta1.5_r6_n400,0,0,4
sim07_d1.5_meta1.5_r6_n400,0,1,1
sim07_d1.5_meta1.5_r6_n400,1,1,5
sim07_d1.5_meta1.5_r6_n400,0,0,6
sim07_d1.5_meta1.5_r6_n400,1,1,4
sim07_d1.5_meta1.5_r6_n400,1,0,2
sim07_d1.5_meta1.5_r6_n400,0,1,3
sim07_d1.5_meta1.5_r6_n400,1,0,1
sim07_d1.5_meta1.5_r6_n400,0,0,6
sim07_d1.5_meta1.5_r6_n400,1,0,2
sim07_d1.5_meta1.5_r6_n400,1,1,1
sim07_d1.5_meta1.5_r6_n400,1,1,5
sim07_d1.5_meta1.5_r6_n400,1,0,5
sim07_d1.5_meta1.5_r6_n400,1,1,4
sim08_d1.5_meta1.5_r4_n150,1,1,4
sim08_d1.5_meta1.5_r4_n150,1,0,3
sim08_d1.5_meta1.5_r4_n150,0,0,3
sim08_d1.5_meta1.5_r4_n150,0,0,4
sim08_d1.5_meta1.5_r4_n150,0,0,3
sim08_d1.5_meta1.5_r4_n150,0,0,3
sim08_d1.5_meta1.5_r4_n150,0,0,1
sim08_d1.5_meta1.5_r4_n150,1,1,1
sim08_d1.5_meta1.5_r4_n150,1,1,4
sim08_d1.5_meta1.5_r4_n150,0,0,4
sim08_d1.5_meta1.5_r4_n150,1,1,1
sim08_d1.5_meta1.5_r4_n150,0,0,2
sim08_d1.5_meta1.5_r4_n150,1,1,4
sim08_d1.5_meta1.5_r4_n150,0,0,4
sim08_d1.5_meta1.5_r4_n150,1,1,4
sim08_d1.5_meta1.5_r4_n150,0,0,3
sim08_d1.5_meta1.5_r4_n150,1,1,4
sim08_d1.5_meta1.5_r4_n150,1,1,2
sim08_d1.5_meta1.5_r4_n150,1,1,3
sim08_d1.5_meta1.5_r4_n150,1,1,4
sim08_d1.5_meta1.5_r4_n150,1,0,4
sim08_d1.5_meta1.5_r4_n150,1,1,1
sim08_d1.5_meta1.5_r4_n150,0,0,4
sim08_d1.5_meta1.5_r4_n150,1,1,1
sim08_d1.5_meta1.5_r4_n150,0,0,4
sim08_d1.5_meta1.5_r4_n150,1,0,1
sim08_d1.5_meta1.5_r4_n150,1,1,4
sim08_d1.5_meta1.5_r4_n150,1,1,2
sim08_d1.5_meta1.5_r4_n150,1,1,4
sim08_d1.5_meta1.5_r4_n150,1,1,4
sim08_d1.5_meta1.5_r4_n150,1,1,2
sim08_d1.5_meta1.5_r4_n150,1,0,3
sim08_d1.5_meta1.5_r4_n150,0,0,3
sim08_d1.5_meta1.5_r4_n150,0,1,2
sim08_d1.5_meta1.5_r4_n150,1,1,4
sim08_d1.5_meta1.5_r4_n150,1,1,3
sim08_d1.5_meta1.5_r4_n150,1,0,3
sim08_d1.5_meta1.5_r4_n150,0,0,4
sim08_d1.5_meta1.5_r4_n150,0,1,2
sim08_d1.5_meta1.5_r4_n150,1,1,1
sim08_d1.5_meta1.5_r4_n150,0,1,1
sim08_d1.5_meta1.5_r4_n150,0,0,2
sim08_d1.5_meta1.5_r4_n150,1,0,4
sim08_d1.5_meta1.5_r4_n150,0,0,3
sim08_d1.5_meta1.5_r4_n150,1,1,4
sim08_d1.5_meta1.5_r4_n150,1,0,4
sim08_d1.5_meta1.5_r4_n150,1,1,2
sim08_d1.5_meta1.5_r4_n150,0,0,2
sim08_d1.5_meta1.5_r4_n150,0,0,1
sim08_d1.5_meta1.5_r4_n150,0,0,2
sim08_d1.5_meta1.5_r4_n150,0,0,2
sim08_d1.5_meta1.5_r4_n150,0,0,4
sim08_d1.5_meta1.5_r4_n150,0,0,3
sim08_d1.5_meta1.5_r4_n150,0,1,2
sim08_d1.5_meta1.5_r4_n150,1,1,3
sim08_d1.5_meta1.5_r4_n150,1,1,1
sim08_d1.5_meta1.5_r4_n150,1,1,1
sim08_d1.5_meta1.5_r4_n150,0,0,2
sim08_d1.5_meta1.5_r4_n150,0,0,2
sim08_d1.5_meta1.5_r4_n150,0,0,3
sim08_d1.5_meta1.5_r4_n150,1,0,2
sim08_d1.5_meta1.5_r4_n150,0,0,2
sim08_d1.5_meta1.5_r4_n150,0,1,2
sim08_d1.5_meta1.5_r4_n150,0,0,2
sim08_d1.5_meta1.5_r4_n150,0,0,3
sim08_d1.5_meta1.5_r4_n150,0,0,4
sim08_d1.5_meta1.5_r4_n150,0,0,2
sim08_d1.5_meta1.5_r4_n150,1,0,2
sim08_d1.5_meta1.5_r4_n150,1,0,2
sim08_d1.5_meta1.5_r4_n150,1,1,3
sim08_d1.5_meta1.5_r4_n150,1,1,2
sim08_d1.5_meta1.5_r4_n150,1,1,3
sim08_d1.5_meta1.5_r4_n150,0,1,3
sim08_d1.5_meta1.5_r4_n150,0,0,3
sim08_d1.5_meta1.5_r4_n150,1,1,3
sim08_d1.5_meta1.5_r4_n150,0,0,3
sim08_d1.5_meta1.5_r4_n150,0,0,3
sim08_d1.5_meta1.5_r4_n150,0,0,3
sim08_d1.5_meta1.5_r4_n150,1,1,3
sim08_d1.5_meta1.5_r4_n150,1,0,2
sim08_d1.5_meta1.5_r4_n150,0,1,1
sim08_d1.5_meta1.5_r4_n150,0,0,1
sim08_d1.5_meta1.5_r4_n150,0,1,1
sim08_d1.5_meta1.5_r4_n150,0,0,2
sim08_d1.5_meta1.5_r4_n150,0,0,1
sim08_d1.5_meta1.5_r4_n150,1,1,2
sim08_d1.5_meta1.5_r4_n150,0,1,1
sim08_d1.5_meta1.5_r4_n150,1,1,3
sim08_d1.5_meta1.5_r4_n150,0,0,2
sim08_d1.5_meta1.5_r4_n150,0,0,4
sim08_d1.5_meta1.5_r4_n150,0,0,4
sim08_d1.5_meta1.5_r4_n150,1,0,1
sim08_d1.5_meta1.5_r4_n150,1,1,4
sim08_d1.5_meta1.5_r4_n150,1,1,3
sim08_d1.5_meta1.5_r4_n150,0,0,3
sim08_d1.5_meta1.5_r4_n150,0,0,3
sim08_d1.5_meta1.5_r4_n150,1,0,3
sim08_d1.5_meta1.5_r4_n150,1,1,4
sim08_d1.5_meta1.5_r4_n150,1,1,3
sim08_d1.5_meta1.5_r4_n150,0,0,3
sim08_d1.5_meta1.5_r4_n150,0,0,1
sim08_d1.5_meta1.5_r4_n150,1,1,2
sim08_d1.5_meta1.5_r4_n150,1,1,2
sim08_d1.5_meta1.5_r4_n150,1,0,2
sim08_d1.5_meta1.5_r4_n150,1,1,1
sim08_d1.5_meta1.5_r4_n150,0,0,1
sim08_d1.5_meta1.5_r4_n150,0,0,1
sim08_d1.5_meta1.5_r4_n150,1,1,1
sim08_d1.5_meta1.5_r4_n150,0,1,1
sim08_d1.5_meta1.5_r4_n150,1,1,4
sim08_d1.5_meta1.5_r4_n150,1,1,1
sim08_d1.5_meta1.5_r4_n150,1,1,4
sim08_d1.5_meta1.5_r4_n150,0,1,1
sim08_d1.5_meta1.5_r4_n150,1,1,2
sim08_d1.5_meta1.5_r4_n150,0,1,2
sim08_d1.5_meta1.5_r4_n150,1,1,3
sim08_d1.5_meta1.5_r4_n150,1,1,3
sim08_d1.5_meta1.5_r4_n150,0,0,1
sim08_d1.5_meta1.5_r4_n150,1,0,1
sim08_d1.5_meta1.5_r4_n150,1,0,3
sim08_d1.5_meta1.5_r4_n150,1,1,4
sim08_d1.5_meta1.5_r4_n150,1,1,3
sim08_d1.5_meta1.5_r4_n150,0,0,2
sim08_d1.5_meta1.5_r4_n150,0,0,2
sim08_d1.5_meta1.5_r4_n150,1,1,4
sim08_d1.5_meta1.5_r4_n150,0,0,4
sim08_d1.5_meta1.5_r4_n150,1,1,1
sim08_d1.5_meta1.5_r4_n150,1,1,1
sim08_d1.5_meta1.5_r4_n150,0,0,1
sim08_d1.5_meta1.5_r4_n150,0,0,2
sim08_d1.5_meta1.5_r4_n150,1,1,4
sim08_d1.5_meta1.5_r4_n150,0,0,4
sim08_d1.5_meta1.5_r4_n150,1,1,4
sim08_d1.5_meta1.5_r4_n150,0,0,4
sim08_d1.5_meta1.5_r4_n150,1,1,3
sim08_d1.5_meta1.5_r4_n150,0,0,1
sim08_d1.5_meta1.5_r4_n150,0,0,2
sim08_d1.5_meta1.5_r4_n150,1,1,4
sim08_d1.5_meta1.5_r4_n150,0,0,1
sim08_d1.5_meta1.5_r4_n150,1,1,4
sim08_d1.5_meta1.5_r4_n150,0,1,1
sim08_d1.5_meta1.5_r4_n150,0,1,1
sim08_d1.5_meta1.5_r4_n150,0,0,4
sim08_d1.5_meta1.5_r4_n150,0,1,1
sim08_d1.5_meta1.5_r4_n150,0,1,3
sim08_d1.5_meta1.5_r4_n150,0,0,3
sim08_d1.5_meta1.5_r4_n150,0,1,1
sim08_d1.5_meta1.5_r4_n150,1,1,4
sim08_d1.5_meta1.5_r4_n150,1,1,4
sim08_d1.5_meta1.5_r4_n150,1,0,1
sim09_d1.5_meta1.5_r4_n1200,1,1,2
sim09_d1.5_meta1.5_r4_n1200,0,0,4
sim09_d1.5_meta1.5_r4_n1200,0,0,1
sim09_d1.5_meta1.5_r4_n1200,0,0,4
sim09_d1.5_meta1.5_r4_n1200,1,1,3
sim09_d1.5_meta1.5_r4_n1200,1,1,4
sim09_d1.5_meta1.5_r4_n1200,0,1,1
sim09_d1.5_meta1.5_r4_n1200,0,0,1
sim09_d1.5_meta1.5_r4_n1200,1,1,3
sim09_d1.5_meta1.5_r4_n1200,0,0,1
sim09_d1.5_meta1.5_r4_n1200,0,0,2
sim09_d1.5_meta1.5_r4_n1200,0,0,1
sim09_d1.5_meta1.5_r4_n1200,0,0,3
sim09_d1.5_meta1.5_r4_n1200,0,1,1
sim09_d1.5_meta1.5_r4_n1200,1,0,2
sim09_d1.5_meta1.5_r4_n1200,0,0,3
sim09_d1.5_meta1.5_r4_n1200,1,0,1
sim09_d1.5_meta1.5_r4_n1200,0,0,4
sim09_d1.5_meta1.5_r4_n1200,0,0,4
sim09_d1.5_meta1.5_r4_n1200,0,1,1
sim09_d1.5_meta1.5_r4_n1200,0,0,4
sim09_d1.5_meta1.5_r4_n1200,1,1,2
sim09_d1.5_meta1.5_r4_n1200,0,0,2
sim09_d1.5_meta1.5_r4_n1200,1,0,2
sim09_d1.5_meta1.5_r4_n1200,0,1,1
sim09_d1.5_meta1.5_r4_n1200,0,0,4
sim09_d1.5_meta1.5_r4_n1200,0,0,3
sim09_d1.5_meta1.5_r4_n1200,0,0,1
sim09_d1.5_meta1.5_r4_n1200,0,0,4
sim09_d1.5_meta1.5_r4_n1200,1,1,2
sim09_d1.5_meta1.5_r4_n1200,0,1,1
sim09_d1.5_meta1.5_r4_n1200,1,1,2
sim09_d1.5_meta1.5_r4_n1200,0,0,1
sim09_d1.5_meta1.5_r4_n1200,1,1,3
sim09_d1.5_meta1.5_r4_n1200,1,1,4
sim09_d1.5_meta1.5_r4_n1200,0,1,1
sim09_d1.5_meta1.5_r4_n1200,0,0,4
sim09_d1.5_meta1.5_r4_n1200,0,0,4
sim09_d1.5_meta1.5_r4_n1200,0,0,3
sim09_d1.5_meta1.5_r4_n1200,1,1,3
sim09_d1.5_meta1.5_r4_n1200,0,0,1
sim09_d1.5_meta1.5_r4_n1200,0,1,1
sim09_d1.5_meta1.5_r4_n1200,1,1,3
sim09_d1.5_meta1.5_r4_n1200,1,1,1
sim09_d1.5_meta1.5_r4_n1200,0,1,1
sim09_d1.5_meta1.5_r4_n1200,0,0,3
sim09_d1.5_meta1.5_r4_n1200,0,0,3
sim09_d1.5_meta1.5_r4_n1200,1,1,1
sim09_d1.5_meta1.5_r4_n1200,1,1,2
sim09_d1.5_meta1.5_r4_n1200,1,1,2
sim09_d1.5_meta1.5_r4_n1200,1,0,3
sim09_d1.5_meta1.5_r4_n1200,0,0,4
sim09_d1.5_meta1.5_r4_n1200,0,0,4
sim09_d1.5_meta1.5_r4_n1200,0,0,4
sim09_d1.5_meta1.5_r4_n1200,0,0,4
sim09_d1.5_meta1.5_r4_n1200,1,1,2
sim09_d1.5_meta1.5_r4_n1200,0,1,1
sim09_d1.5_meta1.5_r4_n1200,1,0,1
sim09_d1.5_meta1.5_r4_n1200,0,0,3
sim09_d1.5_meta1.5_r4_n1200,1,0,2
sim09_d1.5_meta1.5_r4_n1200,1,0,2
sim09_d1.5_meta1.5_r4_n1200,1,0,2
sim09_d1.5_meta1.5_r4_n1200,0,0,4
sim09_d1.5_meta1.5_r4_n1200,0,0,4
sim09_d1.5_meta1.5_r4_n1200,1,1,3
sim09_d1.5_meta1.5_r4_n1200,1,1,4
sim09_d1.5_meta1.5_r4_n1200,1,1,4
sim09_d1.5_meta1.5_r4_n1200,0,0,4
sim09_d1.5_meta1.5_r4_n1200,0,0,2
sim09_d1.5_meta1.5_r4_n1200,1,1,2
sim09_d1.5_meta1.5_r4_n1200,0,1,1
sim09_d1.5_meta1.5_r4_n1200,1,1,4
sim09_d1.5_meta1.5_r4_n1200,1,1,4
sim09_d1.5_meta1.5_r4_n1200,1,1,4
sim09_d1.5_meta1.5_r4_n1200,0,0,1
sim09_d1.5_meta1.5_r4_n1200,1,0,1
sim09_d1.5_meta1.5_r4_n1200,1,1,1
sim09_d1.5_meta1.5_r4_n1200,0,1,3
sim09_d1.5_meta1.5_r4_n1200,0,0,3
sim09_d1.5_meta1.5_r4_n1200,1,1,1
sim09_d1.5_meta1.5_r4_n1200,0,1,1
sim09_d1.5_meta1.5_r4_n1200,0,1,1
sim09_d1.5_meta1.5_r4_n1200,1,1,2
sim09_d1.5_meta1.5_r4_n1200,1,0,1
sim09_d1.5_meta1.5_r4_n1200,0,0,1
sim09_d1.5_meta1.5_r4_n1200,1,1,3
sim09_d1.5_meta1.5_r4_n1200,1,1,3
sim09_d1.5_meta1.5_r4_n1200,1,1,4
sim09_d1.5_meta1.5_r4_n1200,1,1,4
sim09_d1.5_meta1.5_r4_n1200,1,1,1
sim09_d1.5_meta1.5_r4_n1200,1,1,1
sim09_d1.5_meta1.5_r4_n1200,0,0,2
sim09_d1.5_meta1.5_r4_n1200,0,0,3
sim09_d1.5_meta1.5_r4_n1200,1,1,1
sim09_d1.5_meta1.5_r4_n1200,1,1,4
sim09_d1.5_meta1.5_r4_n1200,1,1,1
sim09_d1.5_meta1.5_r4_n1200,0,0,2
sim09_d1.5_meta1.5_r4_n1200,0,1,1
sim09_d1.5_meta1.5_r4_n1200,1,1,3
sim09_d1.5_meta1.5_r4_n1200,0,0,1
sim09_d1.5_meta1.5_r4_n1200,1,0,1
sim09_d1.5_meta1.5_r4_n1200,0,0,3
sim09_d1.5_meta1.5_r4_n1200,0,0,4
sim09_d1.5_meta1.5_r4_n1200,1,0,3
sim09_d1.5_meta1.5_r4_n1200,1,1,4
sim09_d1.5_meta1.5_r4_n1200,1,1,1
sim09_d1.5_meta1.5_r4_n1200,1,1,1
sim09_d1.5_meta1.5_r4_n1200,0,0,3
sim09_d1.5_meta1.5_r4_n1200,1,0,3
sim09_d1.5_meta1.5_r4_n1200,0,0,2
sim09_d1.5_meta1.5_r4_n1200,0,0,2
sim09_d1.5_meta1.5_r4_n1200,1,1,1
sim09_d1.5_meta1.5_r4_n1200,1,1,4
sim09_d1.5_meta1.5_r4_n1200,1,1,3
sim09_d1.5_meta1.5_r4_n1200,1,1,1
sim09_d1.5_meta1.5_r4_n1200,1,1,1
sim09_d1.5_meta1.5_r4_n1200,1,1,1
sim09_d1.5_meta1.5_r4_n1200,1,1,4
sim09_d1.5_meta1.5_r4_n1200,1,1,4
sim09_d1.5_meta1.5_r4_n1200,0,0,3
sim09_d1.5_meta1.5_r4_n1200,1,1,4
sim09_d1.5_meta1.5_r4_n1200,1,1,1
sim09_d1.5_meta1.5_r4_n1200,0,0,3
sim09_d1.5_meta1.5_r4_n1200,0,0,4
sim09_d1.5_meta1.5_r4_n1200,0,1,1
sim09_d1.5_meta1.5_r4_n1200,1,1,1
sim09_d1.5_meta1.5_r4_n1200,1,1,2
sim09_d1.5_meta1.5_r4_n1200,1,1,2
sim09_d1.5_meta1.5_r4_n1200,1,1,4
sim09_d1.5_meta1.5_r4_n1200,1,1,4
sim09_d1.5_meta1.5_r4_n1200,0,0,4
sim09_d1.5_meta1.5_r4_n1200,0,0,3
sim09_d1.5_meta1.5_r4_n1200,0,0,2
sim09_d1.5_meta1.5_r4_n1200,0,0,3
sim09_d1.5_meta1.5_r4_n1200,1,1,4
sim09_d1.5_meta1.5_r4_n1200,0,0,1
sim09_d1.5_meta1.5_r4_n1200,1,1,3
sim09_d1.5_meta1.5_r4_n1200,1,1,3
sim09_d1.5_meta1.5_r4_n1200,1,1,1
sim09_d1.5_meta1.5_r4_n1200,1,1,2
sim09_d1.5_meta1.5_r4_n1200,0,0,4
sim09_d1.5_meta1.5_r4_n1200,0,0,4
sim09_d1.5_meta1.5_r4_n1200,0,0,2
sim09_d1.5_meta1.5_r4_n1200,1,1,1
sim09_d1.5_meta1.5_r4_n1200,0,0,2
sim09_d1.5_meta1.5_r4_n1200,1,1,3
sim09_d1.5_meta1.5_r4_n1200,1,1,3
sim09_d1.5_meta1.5_r4_n1200,0,0,4
sim09_d1.5_meta1.5_r4_n1200,1,0,1
sim09_d1.5_meta1.5_r4_n1200,1,1,1
sim09_d1.5_meta1.5_r4_n1200,0,0,1
sim09_d1.5_meta1.5_r4_n1200,0,0,1
sim09_d1.5_meta1.5_r4_n1200,0,0,3
sim09_d1.5_meta1.5_r4_n1200,0,0,4
sim09_d1.5_meta1.5_r4_n1200,0,0,4
sim09_d1.5_meta1.5_r4_n1200,0,0,3
sim09_d1.5_meta1.5_r4_n1200,0,0,2
sim09_d1.5_meta1.5_r4_n1200,0,1,4
sim09_d1.5_meta1.5_r4_n1200,1,1,1
sim09_d1.5_meta1.5_r4_n1200,1,1,4
sim09_d1.5_meta1.5_r4_n1200,1,1,3
sim09_d1.5_meta1.5_r4_n1200,0,0,2
sim09_d1.5_meta1.5_r4_n1200,0,1,1
sim09_d1.5_meta1.5_r4_n1200,0,0,4
sim09_d1.5_meta1.5_r4_n1200,1,1,4
sim09_d1.5_meta1.5_r4_n1200,0,0,2
sim09_d1.5_meta1.5_r4_n1200,1,1,2
sim09_d1.5_meta1.5_r4_n1200,1,1,4
sim09_d1.5_meta1.5_r4_n1200,0,0,1
sim09_d1.5_meta1.5_r4_n1200,1,0,1
sim09_d1.5_meta1.5_r4_n1200,1,1,2
sim09_d1.5_meta1.5_r4_n1200,0,1,1
sim09_d1.5_meta1.5_r4_n1200,0,1,1
sim09_d1.5_meta1.5_r4_n1200,0,1,4
sim09_d1.5_meta1.5_r4_n1200,0,0,2
sim09_d1.5_meta1.5_r4_n1200,0,0,2
sim09_d1.5_meta1.5_r4_n1200,1,0,2
sim09_d1.5_meta1.5_r4_n1200,0,0,4
sim09_d1.5_meta1.5_r4_n1200,1,1,1
sim09_d1.5_meta1.5_r4_n1200,0,0,4
sim09_d1.5_meta1.5_r4_n1200,1,0,1
sim09_d1.5_meta1.5_r4_n1200,0,0,1
sim09_d1.5_meta1.5_r4_n1200,1,1,4
sim09_d1.5_meta1.5_r4_n1200,0,0,2
sim09_d1.5_meta1.5_r4_n1200,1,1,1
sim09_d1.5_meta1.5_r4_n1200,0,1,2
sim09_d1.5_meta1.5_r4_n1200,0,1,1
sim09_d1.5_meta1.5_r4_n1200,0,1,1
sim09_d1.5_meta1.5_r4_n1200,1,1,3
sim09_d1.5_meta1.5_r4_n1200,0,0,2
sim09_d1.5_meta1.5_r4_n1200,1,0,1
sim09_d1.5_meta1.5_r4_n1200,0,0,1
sim09_d1.5_meta1.5_r4_n1200,0,0,1
sim09_d1.5_meta1.5_r4_n1200,0,0,4
sim09_d1.5_meta1.5_r4_n1200,1,1,4
sim09_d1.5_meta1.5_r4_n1200,0,0,3
sim09_d1.5_meta1.5_r4_n1200,0,1,2
sim09_d1.5_meta1.5_r4_n1200,0,0,4
sim09_d1.5_meta1.5_r4_n1200,1,1,2
sim09_d1.5_meta1.5_r4_n1200,1,1,4
sim09_d1.5_meta1.5_r4_n1200,0,0,2
sim09_d1.5_meta1.5_r4_n1200,0,0,4
sim09_d1.5_meta1.5_r4_n1200,1,0,1
sim09_d1.5_meta1.5_r4_n1200,1,0,2
sim09_d1.5_meta1.5_r4_n1200,1,1,1
sim09_d1.5_meta1.5_r4_n1200,1,0,2
sim09_d1.5_meta1.5_r4_n1200,0,1,2
sim09_d1.5_meta1.5_r4_n1200,0,0,1
sim09_d1.5_meta1.5_r4_n1200,1,1,1
sim09_d1.5_meta1.5_r4_n1200,0,0,2
sim09_d1.5_meta1.5_r4_n1200,1,1,2
sim09_d1.5_meta1.5_r4_n1200,1,1,3
sim09_d1.5_meta1.5_r4_n1200,1,1,3
sim09_d1.5_meta1.5_r4_n1200,0,0,3
sim09_d1.5_meta1.5_r4_n1200,1,0,1
sim09_d1.5_meta1.5_r4_n1200,1,1,4
sim09_d1.5_meta1.5_r4_n1200,0,0,1
sim09_d1.5_meta1.5_r4_n1200,0,0,2
sim09_d1.5_meta1.5_r4_n1200,1,0,1
sim09_d1.5_meta1.5_r4_n1200,1,1,2
sim09_d1.5_meta1.5_r4_n1200,0,0,1
sim09_d1.5_meta1.5_r4_n1200,1,0,2
sim09_d1.5_meta1.5_r4_n1200,0,0,4
sim09_d1.5_meta1.5_r4_n1200,1,0,1
sim09_d1.5_meta1.5_r4_n1200,1,1,4
sim09_d1.5_meta1.5_r4_n1200,0,0,2
sim09_d1.5_meta1.5_r4_n1200,1,1,4
sim09_d1.5_meta1.5_r4_n1200,0,0,3
sim09_d1.5_meta1.5_r4_n1200,1,1,4
sim09_d1.5_meta1.5_r4_n1200,0,0,2
sim09_d1.5_meta1.5_r4_n1200,1,1,3
sim09_d1.5_meta1.5_r4_n1200,1,1,4
sim09_d1.5_meta1.5_r4_n1200,0,0,2
sim09_d1.5_meta1.5_r4_n1200,1,1,2
sim09_d1.5_meta1.5_r4_n1200,0,1,2
sim09_d1.5_meta1.5_r4_n1200,0,1,1
sim09_d1.5_meta1.5_r4_n1200,1,1,3
sim09_d1.5_meta1.5_r4_n1200,1,1,4
sim09_d1.5_meta1.5_r4_n1200,0,0,4
sim09_d1.5_meta1.5_r4_n1200,0,0,4
sim09_d1.5_meta1.5_r4_n1200,0,0,4
sim09_d1.5_meta1.5_r4_n1200,0,1,3
sim09_d1.5_meta1.5_r4_n1200,0,1,2
sim09_d1.5_meta1.5_r4_n1200,0,1,2
sim09_d1.5_meta1.5_r4_n1200,0,0,2
sim09_d1.5_meta1.5_r4_n1200,1,0,2
sim09_d1.5_meta1.5_r4_n1200,1,0,1
sim09_d1.5_meta1.5_r4_n1200,0,0,2
sim09_d1.5_meta1.5_r4_n1200,1,0,3
sim09_d1.5_meta1.5_r4_n1200,1,1,4
sim09_d1.5_meta1.5_r4_n1200,0,0,3
sim09_d1.5_meta1.5_r4_n1200,1,1,2
sim09_d1.5_meta1.5_r4_n1200,0,1,2
sim09_d1.5_meta1.5_r4_n1200,0,0,1
sim09_d1.5_meta1.5_r4_n1200,1,0,1
sim09_d1.5_meta1.5_r4_n1200,1,1,4
sim09_d1.5_meta1.5_r4_n1200,0,0,3
sim09_d1.5_meta1.5_r4_n1200,0,0,2
sim09_d1.5_meta1.5_r4_n1200,1,0,2
sim09_d1.5_meta1.5_r4_n1200,0,0,1
sim09_d1.5_meta1.5_r4_n1200,0,0,1
sim09_d1.5_meta1.5_r4_n1200,1,1,4
sim09_d1.5_meta1.5_r4_n1200,1,1,1
sim09_d1.5_meta1.5_r4_n1200,1,0,1
sim09_d1.5_meta1.5_r4_n1200,0,0,3
sim09_d1.5_meta1.5_r4_n1200,0,0,4
sim09_d1.5_meta1.5_r4_n1200,0,1,1
sim09_d1.5_meta1.5_r4_n1200,0,0,1
sim09_d1.5_meta1.5_r4_n1200,1,0,2
sim09_d1.5_meta1.5_r4_n1200,0,0,3
sim09_d1.5_meta1.5_r4_n1200,0,1,1
sim09_d1.5_meta1.5_r4_n1200,1,1,3
sim09_d1.5_meta1.5_r4_n1200,1,1,2
sim09_d1.5_meta1.5_r4_n1200,0,1,1
sim09_d1.5_meta1.5_r4_n1200,1,1,4
sim09_d1.5_meta1.5_r4_n1200,0,1,2
sim09_d1.5_meta1.5_r4_n1200,0,0,3
sim09_d1.5_meta1.5_r4_n1200,1,0,2
sim09_d1.5_meta1.5_r4_n1200,1,1,1
sim09_d1.5_meta1.5_r4_n1200,0,0,3
sim09_d1.5_meta1.5_r4_n1200,0,1,2
sim09_d1.5_meta1.5_r4_n1200,1,1,3
sim09_d1.5_meta1.5_r4_n1200,1,1,4
sim09_d1.5_meta1.5_r4_n1200,1,1,4
sim09_d1.5_meta1.5_r4_n1200,1,1,4
sim09_d1.5_meta1.5_r4_n1200,1,1,2
sim09_d1.5_meta1.5_r4_n1200,1,1,2
sim09_d1.5_meta1.5_r4_n1200,1,1,3
sim09_d1.5_meta1.5_r4_n1200,0,0,4
sim09_d1.5_meta1.5_r4_n1200,1,1,1
sim09_d1.5_meta1.5_r4_n1200,0,0,3
sim09_d1.5_meta1.5_r4_n1200,0,0,3
sim09_d1.5_meta1.5_r4_n1200,1,1,1
sim09_d1.5_meta1.5_r4_n1200,1,1,2
sim09_d1.5_meta1.5_r4_n1200,0,0,1
sim09_d1.5_meta1.5_r4_n1200,0,0,2
sim09_d1.5_meta1.5_r4_n1200,0,0,1
sim09_d1.5_meta1.5_r4_n1200,0,0,3
sim09_d1.5_meta1.5_r4_n1200,1,0,1
sim09_d1.5_meta1.5_r4_n1200,0,1,4
sim09_d1.5_meta1.5_r4_n1200,1,1,4
sim09_d1.5_meta1.5_r4_n1200,0,0,3
sim09_d1.5_meta1.5_r4_n1200,0,1,3
sim09_d1.5_meta1.5_r4_n1200,1,1,2
sim09_d1.5_meta1.5_r4_n1200,0,0,4
sim09_d1.5_meta1.5_r4_n1200,0,1,1
sim09_d1.5_meta1.5_r4_n1200,1,1,2
sim09_d1.5_meta1.5_r4_n1200,1,1,4
sim09_d1.5_meta1.5_r4_n1200,1,1,3
sim09_d1.5_meta1.5_r4_n1200,0,0,3
sim09_d1.5_meta1.5_r4_n1200,1,1,2
sim09_d1.5_meta1.5_r4_n1200,0,1,1
sim09_d1.5_meta1.5_r4_n1200,1,0,1
sim09_d1.5_meta1.5_r4_n1200,1,1,3
sim09_d1.5_meta1.5_r4_n1200,1,0,1
sim09_d1.5_meta1.5_r4_n1200,1,1,3
sim09_d1.5_meta1.5_r4_n1200,1,1,3
sim09_d1.5_meta1.5_r4_n1200,1,1,4
sim09_d1.5_meta1.5_r4_n1200,0,0,3
sim09_d1.5_meta1.5_r4_n1200,0,0,4
sim09_d1.5_meta1.5_r4_n1200,1,0,4
sim09_d1.5_meta1.5_r4_n1200,0,0,4
sim09_d1.5_meta1.5_r4_n1200,1,1,3
sim09_d1.5_meta1.5_r4_n1200,1,0,2
sim09_d1.5_meta1.5_r4_n1200,1,1,2
sim09_d1.5_meta1.5_r4_n1200,1,0,2
sim09_d1.5_meta1.5_r4_n1200,0,0,3
sim09_d1.5_meta1.5_r4_n1200,0,0,1
sim09_d1.5_meta1.5_r4_n1200,1,1,4
sim09_d1.5_meta1.5_r4_n1200,1,1,3
sim09_d1.5_meta1.5_r4_n1200,0,0,2
sim09_d1.5_meta1.5_r4_n1200,1,1,4
sim09_d1.5_meta1.5_r4_n1200,1,1,4
sim09_d1.5_meta1.5_r4_n1200,0,0,2
sim09_d1.5_meta1.5_r4_n1200,0,0,2
sim09_d1.5_meta1.5_r4_n1200,0,1,1
sim09_d1.5_meta1.5_r4_n1200,0,0,4
sim09_d1.5_meta1.5_r4_n1200,1,1,4
sim09_d1.5_meta1.5_r4_n1200,1,1,4
sim09_d1.5_meta1.5_r4_n1200,0,0,1
sim09_d1.5_meta1.5_r4_n1200,1,0,3
sim09_d1.5_meta1.5_r4_n1200,1,0,1
sim09_d1.5_meta1.5_r4_n1200,1,1,4
sim09_d1.5_meta1.5_r4_n1200,0,0,2
sim09_d1.5_meta1.5_r4_n1200,1,1,1
sim09_d1.5_meta1.5_r4_n1200,0,1,1
sim09_d1.5_meta1.5_r4_n1200,1,0,1
sim09_d1.5_meta1.5_r4_n1200,1,1,2
sim09_d1.5_meta1.5_r4_n1200,0,0,4
sim09_d1.5_meta1.5_r4_n1200,0,1,1
sim09_d1.5_meta1.5_r4_n1200,1,1,3
sim09_d1.5_meta1.5_r4_n1200,0,0,1
sim09_d1.5_meta1.5_r4_n1200,0,1,1
sim09_d1.5_meta1.5_r4_n1200,0,0,3
sim09_d1.5_meta1.5_r4_n1200,1,1,4
sim09_d1.5_meta1.5_r4_n1200,0,0,1
sim09_d1.5_meta1.5_r4_n1200,1,1,1
sim09_d1.5_meta1.5_r4_n1200,1,1,2
sim09_d1.5_meta1.5_r4_n1200,1,1,1
sim09_d1.5_meta1.5_r4_n1200,1,0,2
sim09_d1.5_meta1.5_r4_n1200,0,0,2
sim09_d1.5_meta1.5_r4_n1200,0,0,1
sim09_d1.5_meta1.5_r4_n1200,0,0,4
sim09_d1.5_meta1.5_r4_n1200,1,1,1
sim09_d1.5_meta1.5_r4_n1200,1,0,2
sim09_d1.5_meta1.5_r4_n1200,0,0,3
sim09_d1.5_meta1.5_r4_n1200,0,0,1
sim09_d1.5_meta1.5_r4_n1200,0,0,4
sim09_d1.5_meta1.5_r4_n1200,1,1,2
sim09_d1.5_meta1.5_r4_n1200,1,1,4
sim09_d1.5_meta1.5_r4_n1200,0,0,2
sim09_d1.5_meta1.5_r4_n1200,0,0,1
sim09_d1.5_meta1.5_r4_n1200,1,1,4
sim09_d1.5_meta1.5_r4_n1200,1,1,1
sim09_d1.5_meta1.5_r4_n1200,0,0,4
sim09_d1.5_meta1.5_r4_n1200,1,0,2
sim09_d1.5_meta1.5_r4_n1200,0,0,3
sim09_d1.5_meta1.5_r4_n1200,1,0,2
sim09_d1.5_meta1.5_r4_n1200,0,0,4
sim09_d1.5_meta1.5_r4_n1200,1,1,2
sim09_d1.5_meta1.5_r4_n1200,1,0,1
sim09_d1.5_meta1.5_r4_n1200,0,0,1
sim09_d1.5_meta1.5_r4_n1200,0,1,1
sim09_d1.5_meta1.5_r4_n1200,0,1,1
sim09_d1.5_meta1.5_r4_n1200,0,1,2
sim09_d1.5_meta1.5_r4_n1200,1,1,4
sim09_d1.5_meta1.5_r4_n1200,0,0,1
sim09_d1.5_meta1.5_r4_n1200,1,0,1
sim09_d1.5_meta1.5_r4_n1200,1,0,2
sim09_d1.5_meta1.5_r4_n1200,1,1,3
sim09_d1.5_meta1.5_r4_n1200,0,0,4
sim09_d1.5_meta1.5_r4_n1200,0,0,3
sim09_d1.5_meta1.5_r4_n1200,1,1,1
sim09_d1.5_meta1.5_r4_n1200,1,0,1
sim09_d1.5_meta1.5_r4_n1200,1,0,1
sim09_d1.5_meta1.5_r4_n1200,1,1,3
sim09_d1.5_meta1.5_r4_n1200,0,0,1
sim09_d1.5_meta1.5_r4_n1200,0,0,2
sim09_d1.5_meta1.5_r4_n1200,0,0,4
sim09_d1.5_meta1.5_r4_n1200,1,1,4
sim09_d1.5_meta1.5_r4_n1200,0,0,2
sim09_d1.5_meta1.5_r4_n1200,0,0,1
sim09_d1.5_meta1.5_r4_n1200,0,0,1
sim09_d1.5_meta1.5_r4_n1200,0,0,2
sim09_d1.5_meta1.5_r4_n1200,1,1,2
sim09_d1.5_meta1.5_r4_n1200,1,1,4
sim09_d1.5_meta1.5_r4_n1200,0,0,4
sim09_d1.5_meta1.5_r4_n1200,0,0,3
sim09_d1.5_meta1.5_r4_n1200,0,0,2
sim09_d1.5_meta1.5_r4_n1200,0,0,2
sim09_d1.5_meta1.5_r4_n1200,0,0,3
sim09_d1.5_meta1.5_r4_n1200,1,0,2
sim09_d1.5_meta1.5_r4_n1200,1,1,1
sim09_d1.5_meta1.5_r4_n1200,0,0,3
sim09_d1.5_meta1.5_r4_n1200,0,0,4
sim09_d1.5_meta1.5_r4_n1200,0,1,1
sim09_d1.5_meta1.5_r4_n1200,1,1,4
sim09_d1.5_meta1.5_r4_n1200,0,1,2
sim09_d1.5_meta1.5_r4_n1200,0,1,1
sim09_d1.5_meta1.5_r4_n1200,0,1,1
sim09_d1.5_meta1.5_r4_n1200,0,0,2
sim09_d1.5_meta1.5_r4_n1200,0,1,1
sim09_d1.5_meta1.5_r4_n1200,1,0,2
sim09_d1.5_meta1.5_r4_n1200,1,0,1
sim09_d1.5_meta1.5_r4_n1200,1,1,4
sim09_d1.5_meta1.5_r4_n1200,1,1,2
sim09_d1.5_meta1.5_r4_n1200,1,1,4
sim09_d1.5_meta1.5_r4_n1200,1,1,2
sim09_d1.5_meta1.5_r4_n1200,0,1,1
sim09_d1.5_meta1.5_r4_n1200,1,1,1
sim09_d1.5_meta1.5_r4_n1200,0,0,3
sim09_d1.5_meta1.5_r4_n1200,0,0,4
sim09_d1.5_meta1.5_r4_n1200,1,1,2
sim09_d1.5_meta1.5_r4_n1200,1,1,1
sim09_d1.5_meta1.5_r4_n1200,0,0,3
sim09_d1.5_meta1.5_r4_n1200,0,0,4
sim09_d1.5_meta1.5_r4_n1200,1,0,1
sim09_d1.5_meta1.5_r4_n1200,0,0,4
sim09_d1.5_meta1.5_r4_n1200,0,0,3
sim09_d1.5_meta1.5_r4_n1200,1,1,3
sim09_d1.5_meta1.5_r4_n1200,0,0,2
sim09_d1.5_meta1.5_r4_n1200,1,1,3
sim09_d1.5_meta1.5_r4_n1200,0,0,1
sim09_d1.5_meta1.5_r4_n1200,0,0,4
sim09_d1.5_meta1.5_r4_n1200,0,1,2
sim09_d1.5_meta1.5_r4_n1200,1,1,1
sim09_d1.5_meta1.5_r4_n1200,1,1,4
sim09_d1.5_meta1.5_r4_n1200,1,1,1
sim09_d1.5_meta1.5_r4_n1200,0,0,1
sim09_d1.5_meta1.5_r4_n1200,1,0,1
sim09_d1.5_meta1.5_r4_n1200,0,0,3
sim09_d1.5_meta1.5_r4_n1200,1,0,1
sim09_d1.5_meta1.5_r4_n1200,0,0,4
sim09_d1.5_meta1.5_r4_n1200,0,0,1
sim09_d1.5_meta1.5_r4_n1200,1,0,1
sim09_d1.5_meta1.5_r4_n1200,1,1,2
sim09_d1.5_meta1.5_r4_n1200,1,1,1
sim09_d1.5_meta1.5_r4_n1200,0,0,2
sim09_d1.5_meta1.5_r4_n1200,0,0,4
sim09_d1.5_meta1.5_r4_n1200,1,1,3
sim09_d1.5_meta1.5_r4_n1200,0,0,1
sim09_d1.5_meta1.5_r4_n1200,1,1,1
sim09_d1.5_meta1.5_r4_n1200,0,0,4
sim09_d1.5_meta1.5_r4_n1200,0,0,1
sim09_d1.5_meta1.5_r4_n1200,0,1,2
sim09_d1.5_meta1.5_r4_n1200,0,0,3
sim09_d1.5_meta1.5_r4_n1200,0,0,3
sim09_d1.5_meta1.5_r4_n1200,1,1,2
sim09_d1.5_meta1.5_r4_n1200,1,0,1
sim09_d1.5_meta1.5_r4_n1200,0,0,4
sim09_d1.5_meta1.5_r4_n1200,0,0,2
sim09_d1.5_meta1.5_r4_n1200,0,0,2
sim09_d1.5_meta1.5_r4_n1200,1,1,1
sim09_d1.5_meta1.5_r4_n1200,0,0,4
sim09_d1.5_meta1.5_r4_n1200,0,0,3
sim09_d1.5_meta1.5_r4_n1200,1,1,4
sim09_d1.5_meta1.5_r4_n1200,0,0,2
sim09_d1.5_meta1.5_r4_n1200,1,1,3
sim09_d1.5_meta1.5_r4_n1200,1,1,1
sim09_d1.5_meta1.5_r4_n1200,0,0,1
sim09_d1.5_meta1.5_r4_n1200,1,0,2
sim09_d1.5_meta1.5_r4_n1200,1,0,2
sim09_d1.5_meta1.5_r4_n1200,1,1,4
sim09_d1.5_meta1.5_r4_n1200,0,1,1
sim09_d1.5_meta1.5_r4_n1200,0,0,4
sim09_d1.5_meta1.5_r4_n1200,0,0,4
sim09_d1.5_meta1.5_r4_n1200,1,1,3
sim09_d1.5_meta1.5_r4_n1200,1,1,4
sim09_d1.5_meta1.5_r4_n1200,0,1,1
sim09_d1.5_meta1.5_r4_n1200,1,1,2
sim09_d1.5_meta1.5_r4_n1200,0,0,1
sim09_d1.5_meta1.5_r4_n1200,0,1,2
sim09_d1.5_meta1.5_r4_n1200,0,0,4
sim09_d1.5_meta1.5_r4_n1200,0,1,2
sim09_d1.5_meta1.5_r4_n1200,1,1,2
sim09_d1.5_meta1.5_r4_n1200,0,1,2
sim09_d1.5_meta1.5_r4_n1200,0,0,3
sim09_d1.5_meta1.5_r4_n1200,0,0,1
sim09_d1.5_meta1.5_r4_n1200,1,1,4
sim09_d1.5_meta1.5_r4_n1200,1,1,2
sim09_d1.5_meta1.5_r4_n1200,1,1,1
sim09_d1.5_meta1.5_r4_n1200,0,0,4
sim09_d1.5_meta1.5_r4_n1200,1,1,3
sim09_d1.5_meta1.5_r4_n1200,1,0,1
sim09_d1.5_meta1.5_r4_n1200,0,1,1
sim09_d1.5_meta1.5_r4_n1200,0,1,1
sim09_d1.5_meta1.5_r4_n1200,0,0,2
sim09_d1.5_meta1.5_r4_n1200,0,0,2
sim09_d1.5_meta1.5_r4_n1200,1,1,3
sim09_d1.5_meta1.5_r4_n1200,1,1,3
sim09_d1.5_meta1.5_r4_n1200,1,0,1
sim09_d1.5_meta1.5_r4_n1200,0,0,2
sim09_d1.5_meta1.5_r4_n1200,0,0,3
sim09_d1.5_meta1.5_r4_n1200,1,1,3
sim09_d1.5_meta1.5_r4_n1200,0,0,4
sim09_d1.5_meta1.5_r4_n1200,1,1,4
sim09_d1.5_meta1.5_r4_n1200,1,1,2
sim09_d1.5_meta1.5_r4_n1200,1,1,2
sim09_d1.5_meta1.5_r4_n1200,1,1,3
sim09_d1.5_meta1.5_r4_n1200,0,1,4
sim09_d1.5_meta1.5_r4_n1200,1,1,4
sim09_d1.5_meta1.5_r4_n1200,0,1,1
sim09_d1.5_meta1.5_r4_n1200,1,1,2
sim09_d1.5_meta1.5_r4_n1200,0,0,2
sim09_d1.5_meta1.5_r4_n1200,1,1,4
sim09_d1.5_meta1.5_r4_n1200,1,1,4
sim09_d1.5_meta1.5_r4_n1200,0,0,2
sim09_d1.5_meta1.5_r4_n1200,1,1,2
sim09_d1.5_meta1.5_r4_n1200,0,0,3
sim09_d1.5_meta1.5_r4_n1200,1,1,4
sim09_d1.5_meta1.5_r4_n1200,1,1,4
sim09_d1.5_meta1.5_r4_n1200,0,0,2
sim09_d1.5_meta1.5_r4_n1200,1,1,2
sim09_d1.5_meta1.5_r4_n1200,1,1,4
sim09_d1.5_meta1.5_r4_n1200,0,0,1
sim09_d1.5_meta1.5_r4_n1200,0,0,3
sim09_d1.5_meta1.5_r4_n1200,1,1,4
sim09_d1.5_meta1.5_r4_n1200,0,0,2
sim09_d1.5_meta1.5_r4_n1200,0,0,1
sim09_d1.5_meta1.5_r4_n1200,1,1,2
sim09_d1.5_meta1.5_r4_n1200,0,0,1
sim09_d1.5_meta1.5_r4_n1200,1,1,4
sim09_d1.5_meta1.5_r4_n1200,1,1,3
sim09_d1.5_meta1.5_r4_n1200,1,0,2
sim09_d1.5_meta1.5_r4_n1200,1,1,3
sim09_d1.5_meta1.5_r4_n1200,1,1,1
sim09_d1.5_meta1.5_r4_n1200,1,1,3
sim09_d1.5_meta1.5_r4_n1200,1,0,1
sim09_d1.5_meta1.5_r4_n1200,0,1,2
sim09_d1.5_meta1.5_r4_n1200,0,0,4
sim09_d1.5_meta1.5_r4_n1200,0,1,1
sim09_d1.5_meta1.5_r4_n1200,0,0,1
sim09_d1.5_meta1.5_r4_n1200,1,1,4
sim09_d1.5_meta1.5_r4_n1200,0,1,1
sim09_d1.5_meta1.5_r4_n1200,1,1,4
sim09_d1.5_meta1.5_r4_n1200,0,0,2
sim09_d1.5_meta1.5_r4_n1200,0,0,1
sim09_d1.5_meta1.5_r4_n1200,1,1,3
sim09_d1.5_meta1.5_r4_n1200,0,1,2
sim09_d1.5_meta1.5_r4_n1200,0,0,3
sim09_d1.5_meta1.5_r4_n1200,1,1,1
sim09_d1.5_meta1.5_r4_n1200,1,0,2
sim09_d1.5_meta1.5_r4_n1200,0,1,1
sim09_d1.5_meta1.5_r4_n1200,1,1,2
sim09_d1.5_meta1.5_r4_n1200,0,0,2
sim09_d1.5_meta1.5_r4_n1200,0,0,1
sim09_d1.5_meta1.5_r4_n1200,1,1,2
sim09_d1.5_meta1.5_r4_n1200,1,0,1
sim09_d1.5_meta1.5_r4_n1200,0,0,1
sim09_d1.5_meta1.5_r4_n1200,0,0,1
sim09_d1.5_meta1.5_r4_n1200,0,0,2
sim09_d1.5_meta1.5_r4_n1200,1,1,3
sim09_d1.5_meta1.5_r4_n1200,0,1,3
sim09_d1.5_meta1.5_r4_n1200,0,0,2
sim09_d1.5_meta1.5_r4_n1200,0,0,3
sim09_d1.5_meta1.5_r4_n1200,0,0,1
sim09_d1.5_meta1.5_r4_n1200,0,0,2
sim09_d1.5_meta1.5_r4_n1200,0,0,4
sim09_d1.5_meta1.5_r4_n1200,1,1,2
sim09_d1.5_meta1.5_r4_n1200,1,1,2
sim09_d1.5_meta1.5_r4_n1200,0,0,4
sim09_d1.5_meta1.5_r4_n1200,1,0,2
sim09_d1.5_meta1.5_r4_n1200,1,1,1
sim09_d1.5_meta1.5_r4_n1200,0,0,1
sim09_d1.5_meta1.5_r4_n1200,1,1,3
sim09_d1.5_meta1.5_r4_n1200,0,0,4
sim09_d1.5_meta1.5_r4_n1200,1,1,3
sim09_d1.5_meta1.5_r4_n1200,1,1,1
sim09_d1.5_meta1.5_r4_n1200,0,0,3
sim09_d1.5_meta1.5_r4_n1200,0,0,2
sim09_d1.5_meta1.5_r4_n1200,1,1,2
sim09_d1.5_meta1.5_r4_n1200,0,0,1
sim09_d1.5_meta1.5_r4_n1200,0,0,1
sim09_d1.5_meta1.5_r4_n1200,0,1,2
sim09_d1.5_meta1.5_r4_n1200,0,0,2
sim09_d1.5_meta1.5_r4_n1200,0,0,4
sim09_d1.5_meta1.5_r4_n1200,0,0,3
sim09_d1.5_meta1.5_r4_n1200,0,0,2
sim09_d1.5_meta1.5_r4_n1200,0,0,1
sim09_d1.5_meta1.5_r4_n1200,1,0,1
sim09_d1.5_meta1.5_r4_n1200,0,0,2
sim09_d1.5_meta1.5_r4_n1200,0,1,2
sim09_d1.5_meta1.5_r4_n1200,1,1,4
sim09_d1.5_meta1.5_r4_n1200,0,0,4
sim09_d1.5_meta1.5_r4_n1200,1,1,4
sim09_d1.5_meta1.5_r4_n1200,1,1,4
sim09_d1.5_meta1.5_r4_n1200,0,1,3
sim09_d1.5_meta1.5_r4_n1200,1,1,2
sim09_d1.5_meta1.5_r4_n1200,1,1,1
sim09_d1.5_meta1.5_r4_n1200,0,0,4
sim09_d1.5_meta1.5_r4_n1200,1,1,1
sim09_d1.5_meta1.5_r4_n1200,0,0,2
sim09_d1.5_meta1.5_r4_n1200,0,0,1
sim09_d1.5_meta1.5_r4_n1200,0,0,2
sim09_d1.5_meta1.5_r4_n1200,0,0,3
sim09_d1.5_meta1.5_r4_n1200,0,0,1
sim09_d1.5_meta1.5_r4_n1200,1,1,1
sim09_d1.5_meta1.5_r4_n1200,0,0,2
sim09_d1.5_meta1.5_r4_n1200,1,1,3
sim09_d1.5_meta1.5_r4_n1200,1,1,1
sim09_d1.5_meta1.5_r4_n1200,0,0,2
sim09_d1.5_meta1.5_r4_n1200,0,0,1
sim09_d1.5_meta1.5_r4_n1200,0,1,2
sim09_d1.5_meta1.5_r4_n1200,1,1,3
sim09_d1.5_meta1.5_r4_n1200,0,0,2
sim09_d1.5_meta1.5_r4_n1200,0,0,4
sim09_d1.5_meta1.5_r4_n1200,1,1,4
sim09_d1.5_meta1.5_r4_n1200,1,1,4
sim09_d1.5_meta1.5_r4_n1200,1,0,3
sim09_d1.5_meta1.5_r4_n1200,0,0,1
sim09_d1.5_meta1.5_r4_n1200,0,1,1
sim09_d1.5_meta1.5_r4_n1200,1,1,2
sim09_d1.5_meta1.5_r4_n1200,0,0,3
sim09_d1.5_meta1.5_r4_n1200,1,1,3
sim09_d1.5_meta1.5_r4_n1200,0,0,2
sim09_d1.5_meta1.5_r4_n1200,0,0,2
sim09_d1.5_meta1.5_r4_n1200,1,0,1
sim09_d1.5_meta1.5_r4_n1200,0,0,3
sim09_d1.5_meta1.5_r4_n1200,0,0,2
sim09_d1.5_meta1.5_r4_n1200,1,1,2
sim09_d1.5_meta1.5_r4_n1200,1,1,2
sim09_d1.5_meta1.5_r4_n1200,1,1,2
sim09_d1.5_meta1.5_r4_n1200,0,0,3
sim09_d1.5_meta1.5_r4_n1200,1,1,4
sim09_d1.5_meta1.5_r4_n1200,1,1,3
sim09_d1.5_meta1.5_r4_n1200,0,0,3
sim09_d1.5_meta1.5_r4_n1200,1,1,4
sim09_d1.5_meta1.5_r4_n1200,1,0,2
sim09_d1.5_meta1.5_r4_n1200,1,1,1
sim09_d1.5_meta1.5_r4_n1200,1,1,3
sim09_d1.5_meta1.5_r4_n1200,1,1,1
sim09_d1.5_meta1.5_r4_n1200,1,1,2
sim09_d1.5_meta1.5_r4_n1200,1,1,1
sim09_d1.5_meta1.5_r4_n1200,0,0,2
sim09_d1.5_meta1.5_r4_n1200,1,0,4
sim09_d1.5_meta1.5_r4_n1200,1,1,3
sim09_d1.5_meta1.5_r4_n1200,1,1,2
sim09_d1.5_meta1.5_r4_n1200,1,0,1
sim09_d1.5_meta1.5_r4_n1200,1,0,1
sim09_d1.5_meta1.5_r4_n1200,0,1,2
sim09_d1.5_meta1.5_r4_n1200,0,1,1
sim09_d1.5_meta1.5_r4_n1200,1,1,4
sim09_d1.5_meta1.5_r4_n1200,1,1,4
sim09_d1.5_meta1.5_r4_n1200,0,0,4
sim09_d1.5_meta1.5_r4_n1200,0,0,4
sim09_d1.5_meta1.5_r4_n1200,1,1,1
sim09_d1.5_meta1.5_r4_n1200,0,0,2
sim09_d1.5_meta1.5_r4_n1200,0,0,4
sim09_d1.5_meta1.5_r4_n1200,1,0,1
sim09_d1.5_meta1.5_r4_n1200,1,1,2
sim09_d1.5_meta1.5_r4_n1200,1,1,1
sim09_d1.5_meta1.5_r4_n1200,0,0,4
sim09_d1.5_meta1.5_r4_n1200,0,0,4
sim09_d1.5_meta1.5_r4_n1200,0,0,4
sim09_d1.5_meta1.5_r4_n1200,1,1,4
sim09_d1.5_meta1.5_r4_n1200,1,1,2
sim09_d1.5_meta1.5_r4_n1200,0,0,3
sim09_d1.5_meta1.5_r4_n1200,0,1,3
sim09_d1.5_meta1.5_r4_n1200,0,0,3
sim09_d1.5_meta1.5_r4_n1200,0,1,2
sim09_d1.5_meta1.5_r4_n1200,1,1,4
sim09_d1.5_meta1.5_r4_n1200,0,1,2
sim09_d1.5_meta1.5_r4_n1200,0,0,1
sim09_d1.5_meta1.5_r4_n1200,0,0,1
sim09_d1.5_meta1.5_r4_n1200,0,0,1
sim09_d1.5_meta1.5_r4_n1200,0,0,1
sim09_d1.5_meta1.5_r4_n1200,1,0,1
sim09_d1.5_meta1.5_r4_n1200,1,1,2
sim09_d1.5_meta1.5_r4_n1200,1,1,1
sim09_d1.5_meta1.5_r4_n1200,0,0,4
sim09_d1.5_meta1.5_r4_n1200,1,1,2
sim09_d1.5_meta1.5_r4_n1200,0,0,4
sim09_d1.5_meta1.5_r4_n1200,1,0,1
sim09_d1.5_meta1.5_r4_n1200,1,1,2
sim09_d1.5_meta1.5_r4_n1200,0,0,3
sim09_d1.5_meta1.5_r4_n1200,0,0,1
sim09_d1.5_meta1.5_r4_n1200,0,0,4
sim09_d1.5_meta1.5_r4_n1200,0,0,2
sim09_d1.5_meta1.5_r4_n1200,1,0,1
sim09_d1.5_meta1.5_r4_n1200,1,1,1
sim09_d1.5_meta1.5_r4_n1200,1,1,3
sim09_d1.5_meta1.5_r4_n1200,0,0,3
sim09_d1.5_meta1.5_r4_n1200,1,0,2
sim09_d1.5_meta1.5_r4_n1200,1,1,3
sim09_d1.5_meta1.5_r4_n1200,1,0,2
sim09_d1.5_meta1.5_r4_n1200,1,1,1
sim09_d1.5_meta1.5_r4_n1200,0,0,4
sim09_d1.5_meta1.5_r4_n1200,1,1,4
sim09_d1.5_meta1.5_r4_n1200,1,1,3
sim09_d1.5_meta1.5_r4_n1200,1,1,1
sim09_d1.5_meta1.5_r4_n1200,1,0,1
sim09_d1.5_meta1.5_r4_n1200,0,0,3
sim09_d1.5_meta1.5_r4_n1200,0,0,2
sim09_d1.5_meta1.5_r4_n1200,1,1,4
sim09_d1.5_meta1.5_r4_n1200,1,1,2
sim09_d1.5_meta1.5_r4_n1200,0,1,3
sim09_d1.5_meta1.5_r4_n1200,0,1,3
sim09_d1.5_meta1.5_r4_n1200,0,0,4
sim09_d1.5_meta1.5_r4_n1200,1,1,4
sim09_d1.5_meta1.5_r4_n1200,0,0,2
sim09_d1.5_meta1.5_r4_n1200,0,0,1
sim09_d1.5_meta1.5_r4_n1200,1,1,3
sim09_d1.5_meta1.5_r4_n1200,0,0,3
sim09_d1.5_meta1.5_r4_n1200,0,0,2
sim09_d1.5_meta1.5_r4_n1200,1,1,1
sim09_d1.5_meta1.5_r4_n1200,0,0,4
sim09_d1.5_meta1.5_r4_n1200,1,1,4
sim09_d1.5_meta1.5_r4_n1200,1,1,2
sim09_d1.5_meta1.5_r4_n1200,0,0,3
sim09_d1.5_meta1.5_r4_n1200,1,1,2
sim09_d1.5_meta1.5_r4_n1200,1,1,2
sim09_d1.5_meta1.5_r4_n1200,1,1,1
sim09_d1.5_meta1.5_r4_n1200,1,1,2
sim09_d1.5_meta1.5_r4_n1200,0,1,1
sim09_d1.5_meta1.5_r4_n1200,1,0,1
sim09_d1.5_meta1.5_r4_n1200,0,1,3
sim09_d1.5_meta1.5_r4_n1200,0,1,4
sim09_d1.5_meta1.5_r4_n1200,0,0,1
sim09_d1.5_meta1.5_r4_n1200,1,1,1
sim09_d1.5_meta1.5_r4_n1200,1,0,1
sim09_d1.5_meta1.5_r4_n1200,1,1,3
sim09_d1.5_meta1.5_r4_n1200,1,1,2
sim09_d1.5_meta1.5_r4_n1200,0,0,1
sim09_d1.5_meta1.5_r4_n1200,1,1,4
sim09_d1.5_meta1.5_r4_n1200,1,0,2
sim09_d1.5_meta1.5_r4_n1200,0,0,4
sim09_d1.5_meta1.5_r4_n1200,0,0,3
sim09_d1.5_meta1.5_r4_n1200,1,1,3
sim09_d1.5_meta1.5_r4_n1200,0,0,3
sim09_d1.5_meta1.5_r4_n1200,0,0,3
sim09_d1.5_meta1.5_r4_n1200,1,0,3
sim09_d1.5_meta1.5_r4_n1200,1,1,4
sim09_d1.5_meta1.5_r4_n1200,1,0,1
sim09_d1.5_meta1.5_r4_n1200,1,1,1
sim09_d1.5_meta1.5_r4_n1200,0,1,3
sim09_d1.5_meta1.5_r4_n1200,1,1,2
sim09_d1.5_meta1.5_r4_n1200,0,1,2
sim09_d1.5_meta1.5_r4_n1200,0,0,1
sim09_d1.5_meta1.5_r4_n1200,1,0,1
sim09_d1.5_meta1.5_r4_n1200,0,0,2
sim09_d1.5_meta1.5_r4_n1200,0,1,2
sim09_d1.5_meta1.5_r4_n1200,1,1,2
sim09_d1.5_meta1.5_r4_n1200,1,1,2
sim09_d1.5_meta1.5_r4_n1200,1,1,4
sim09_d1.5_meta1.5_r4_n1200,0,0,1
sim09_d1.5_meta1.5_r4_n1200,1,1,3
sim09_d1.5_meta1.5_r4_n1200,1,1,3
sim09_d1.5_meta1.5_r4_n1200,1,1,4
sim09_d1.5_meta1.5_r4_n1200,0,0,3
sim09_d1.5_meta1.5_r4_n1200,0,0,4
sim09_d1.5_meta1.5_r4_n1200,1,1,4
sim09_d1.5_meta1.5_r4_n1200,1,1,3
sim09_d1.5_meta1.5_r4_n1200,1,1,2
sim09_d1.5_meta1.5_r4_n1200,1,1,2
sim09_d1.5_meta1.5_r4_n1200,1,1,3
sim09_d1.5_meta1.5_r4_n1200,1,0,2
sim09_d1.5_meta1.5_r4_n1200,1,0,1
sim09_d1.5_meta1.5_r4_n1200,1,0,1
sim09_d1.5_meta1.5_r4_n1200,1,1,2
sim09_d1.5_meta1.5_r4_n1200,1,1,1
sim09_d1.5_meta1.5_r4_n1200,0,0,3
sim09_d1.5_meta1.5_r4_n1200,1,1,1
sim09_d1.5_meta1.5_r4_n1200,1,0,2
sim09_d1.5_meta1.5_r4_n1200,0,0,2
sim09_d1.5_meta1.5_r4_n1200,0,0,4
sim09_d1.5_meta1.5_r4_n1200,1,1,3
sim09_d1.5_meta1.5_r4_n1200,0,1,1
sim09_d1.5_meta1.5_r4_n1200,1,1,1
sim09_d1.5_meta1.5_r4_n1200,1,1,2
sim09_d1.5_meta1.5_r4_n1200,1,0,1
sim09_d1.5_meta1.5_r4_n1200,0,0,3
sim09_d1.5_meta1.5_r4_n1200,0,0,2
sim09_d1.5_meta1.5_r4_n1200,0,0,4
sim09_d1.5_meta1.5_r4_n1200,0,1,1
sim09_d1.5_meta1.5_r4_n1200,1,1,4
sim09_d1.5_meta1.5_r4_n1200,0,0,2
sim09_d1.5_meta1.5_r4_n1200,1,1,4
sim09_d1.5_meta1.5_r4_n1200,1,1,3
sim09_d1.5_meta1.5_r4_n1200,1,1,2
sim09_d1.5_meta1.5_r4_n1200,1,1,2
sim09_d1.5_meta1.5_r4_n1200,1,1,2
sim09_d1.5_meta1.5_r4_n1200,1,1,2
sim09_d1.5_meta1.5_r4_n1200,0,0,4
sim09_d1.5_meta1.5_r4_n1200,1,1,1
sim09_d1.5_meta1.5_r4_n1200,0,0,2
sim09_d1.5_meta1.5_r4_n1200,1,0,2
sim09_d1.5_meta1.5_r4_n1200,0,0,4
sim09_d1.5_meta1.5_r4_n1200,1,0,1
sim09_d1.5_meta1.5_r4_n1200,1,1,4
sim09_d1.5_meta1.5_r4_n1200,1,1,3
sim09_d1.5_meta1.5_r4_n1200,1,1,2
sim09_d1.5_meta1.5_r4_n1200,1,0,2
sim09_d1.5_meta1.5_r4_n1200,0,0,4
sim09_d1.5_meta1.5_r4_n1200,1,1,3
sim09_d1.5_meta1.5_r4_n1200,1,1,4
sim09_d1.5_meta1.5_r4_n1200,1,0,1
sim09_d1.5_meta1.5_r4_n1200,1,1,4
sim09_d1.5_meta1.5_r4_n1200,1,1,1
sim09_d1.5_meta1.5_r4_n1200,0,0,4
sim09_d1.5_meta1.5_r4_n1200,0,1,1
sim09_d1.5_meta1.5_r4_n1200,1,1,2
sim09_d1.5_meta1.5_r4_n1200,1,1,2
sim09_d1.5_meta1.5_r4_n1200,0,0,3
sim09_d1.5_meta1.5_r4_n1200,1,1,2
sim09_d1.5_meta1.5_r4_n1200,1,1,2
sim09_d1.5_meta1.5_r4_n1200,1,1,2
sim09_d1.5_meta1.5_r4_n1200,1,0,2
sim09_d1.5_meta1.5_r4_n1200,0,0,4
sim09_d1.5_meta1.5_r4_n1200,0,1,4
sim09_d1.5_meta1.5_r4_n1200,1,1,1
sim09_d1.5_meta1.5_r4_n1200,0,0,3
sim09_d1.5_meta1.5_r4_n1200,0,0,2
sim09_d1.5_meta1.5_r4_n1200,1,1,1
sim09_d1.5_meta1.5_r4_n1200,0,0,2
sim09_d1.5_meta1.5_r4_n1200,1,1,3
sim09_d1.5_meta1.5_r4_n1200,0,0,2
sim09_d1.5_meta1.5_r4_n1200,1,1,2
sim09_d1.5_meta1.5_r4_n1200,0,0,4
sim09_d1.5_meta1.5_r4_n1200,0,0,1
sim09_d1.5_meta1.5_r4_n1200,0,0,1
sim09_d1.5_meta1.5_r4_n1200,1,1,2
sim09_d1.5_meta1.5_r4_n1200,0,0,1
sim09_d1.5_meta1.5_r4_n1200,0,0,3
sim09_d1.5_meta1.5_r4_n1200,0,0,1
sim09_d1.5_meta1.5_r4_n1200,1,1,1
sim09_d1.5_meta1.5_r4_n1200,1,1,2
sim09_d1.5_meta1.5_r4_n1200,0,0,1
sim09_d1.5_meta1.5_r4_n1200,0,0,4
sim09_d1.5_meta1.5_r4_n1200,0,0,2
sim09_d1.5_meta1.5_r4_n1200,0,0,4
sim09_d1.5_meta1.5_r4_n1200,1,0,2
sim09_d1.5_meta1.5_r4_n1200,1,0,3
sim09_d1.5_meta1.5_r4_n1200,0,0,1
sim09_d1.5_meta1.5_r4_n1200,1,0,1
sim09_d1.5_meta1.5_r4_n1200,1,0,1
sim09_d1.5_meta1.5_r4_n1200,1,1,2
sim09_d1.5_meta1.5_r4_n1200,1,1,4
sim09_d1.5_meta1.5_r4_n1200,1,1,1
sim09_d1.5_meta1.5_r4_n1200,0,0,1
sim09_d1.5_meta1.5_r4_n1200,1,0,2
sim09_d1.5_meta1.5_r4_n1200,1,1,2
sim09_d1.5_meta1.5_r4_n1200,0,0,2
sim09_d1.5_meta1.5_r4_n1200,1,1,2
sim09_d1.5_meta1.5_r4_n1200,0,0,3
sim09_d1.5_meta1.5_r4_n1200,1,1,2
sim09_d1.5_meta1.5_r4_n1200,0,0,4
sim09_d1.5_meta1.5_r4_n1200,0,0,3
sim09_d1.5_meta1.5_r4_n1200,0,1,1
sim09_d1.5_meta1.5_r4_n1200,1,1,2
sim09_d1.5_meta1.5_r4_n1200,1,1,4
sim09_d1.5_meta1.5_r4_n1200,0,0,1
sim09_d1.5_meta1.5_r4_n1200,0,1,1
sim09_d1.5_meta1.5_r4_n1200,0,0,4
sim09_d1.5_meta1.5_r4_n1200,0,1,1
sim09_d1.5_meta1.5_r4_n1200,1,1,4
sim09_d1.5_meta1.5_r4_n1200,1,1,4
sim09_d1.5_meta1.5_r4_n1200,0,0,1
sim09_d1.5_meta1.5_r4_n1200,0,0,3
sim09_d1.5_meta1.5_r4_n1200,0,1,1
sim09_d1.5_meta1.5_r4_n1200,0,1,3
sim09_d1.5_meta1.5_r4_n1200,1,1,4
sim09_d1.5_meta1.5_r4_n1200,1,1,3
sim09_d1.5_meta1.5_r4_n1200,0,1,1
sim09_d1.5_meta1.5_r4_n1200,0,0,4
sim09_d1.5_meta1.5_r4_n1200,0,0,4
sim09_d1.5_meta1.5_r4_n1200,1,1,4
sim09_d1.5_meta1.5_r4_n1200,1,1,1
sim09_d1.5_meta1.5_r4_n1200,0,0,2
sim09_d1.5_meta1.5_r4_n1200,1,1,2
sim09_d1.5_meta1.5_r4_n1200,0,0,1
sim09_d1.5_meta1.5_r4_n1200,1,0,3
sim09_d1.5_meta1.5_r4_n1200,0,0,4
sim09_d1.5_meta1.5_r4_n1200,0,0,1
sim09_d1.5_meta1.5_r4_n1200,0,0,1
sim09_d1.5_meta1.5_r4_n1200,0,0,4
sim09_d1.5_meta1.5_r4_n1200,0,0,2
sim09_d1.5_meta1.5_r4_n1200,0,0,4
sim09_d1.5_meta1.5_r4_n1200,0,0,2
sim09_d1.5_meta1.5_r4_n1200,1,0,3
sim09_d1.5_meta1.5_r4_n1200,1,1,4
sim09_d1.5_meta1.5_r4_n1200,0,1,2
sim09_d1.5_meta1.5_r4_n1200,0,0,2
sim09_d1.5_meta1.5_r4_n1200,0,0,2
sim09_d1.5_meta1.5_r4_n1200,1,1,4
sim09_d1.5_meta1.5_r4_n1200,1,1,3
sim09_d1.5_meta1.5_r4_n1200,1,1,3
sim09_d1.5_meta1.5_r4_n1200,1,0,2
sim09_d1.5_meta1.5_r4_n1200,1,1,4
sim09_d1.5_meta1.5_r4_n1200,1,1,2
sim09_d1.5_meta1.5_r4_n1200,1,1,4
sim09_d1.5_meta1.5_r4_n1200,0,0,4
sim09_d1.5_meta1.5_r4_n1200,1,1,2
sim09_d1.5_meta1.5_r4_n1200,1,1,1
sim09_d1.5_meta1.5_r4_n1200,1,1,1
sim09_d1.5_meta1.5_r4_n1200,0,0,1
sim09_d1.5_meta1.5_r4_n1200,0,0,4
sim09_d1.5_meta1.5_r4_n1200,1,1,4
sim09_d1.5_meta1.5_r4_n1200,1,1,4
sim09_d1.5_meta1.5_r4_n1200,1,1,3
sim09_d1.5_meta1.5_r4_n1200,1,0,1
sim09_d1.5_meta1.5_r4_n1200,1,1,2
sim09_d1.5_meta1.5_r4_n1200,0,0,3
sim09_d1.5_meta1.5_r4_n1200,0,1,2
sim09_d1.5_meta1.5_r4_n1200,0,0,1
sim09_d1.5_meta1.5_r4_n1200,1,1,1
sim09_d1.5_meta1.5_r4_n1200,1,0,1
sim09_d1.5_meta1.5_r4_n1200,1,1,3
sim09_d1.5_meta1.5_r4_n1200,0,0,1
sim09_d1.5_meta1.5_r4_n1200,0,0,4
sim09_d1.5_meta1.5_r4_n1200,1,1,1
sim09_d1.5_meta1.5_r4_n1200,1,1,4
sim09_d1.5_meta1.5_r4_n1200,1,1,4
sim09_d1.5_meta1.5_r4_n1200,1,1,1
sim09_d1.5_meta1.5_r4_n1200,0,0,2
sim09_d1.5_meta1.5_r4_n1200,1,1,1
sim09_d1.5_meta1.5_r4_n1200,1,1,3
sim09_d1.5_meta1.5_r4_n1200,0,0,1
sim09_d1.5_meta1.5_r4_n1200,1,0,1
sim09_d1.5_meta1.5_r4_n1200,1,1,1
sim09_d1.5_meta1.5_r4_n1200,1,1,4
sim09_d1.5_meta1.5_r4_n1200,0,0,1
sim09_d1.5_meta1.5_r4_n1200,0,1,1
sim09_d1.5_meta1.5_r4_n1200,1,1,2
sim09_d1.5_meta1.5_r4_n1200,1,1,2
sim09_d1.5_meta1.5_r4_n1200,0,0,4
sim09_d1.5_meta1.5_r4_n1200,0,0,4
sim09_d1.5_meta1.5_r4_n1200,1,0,2
sim09_d1.5_meta1.5_r4_n1200,0,1,2
sim09_d1.5_meta1.5_r4_n1200,1,0,1
sim09_d1.5_meta1.5_r4_n1200,0,1,1
sim09_d1.5_meta1.5_r4_n1200,0,0,2
sim09_d1.5_meta1.5_r4_n1200,1,1,4
sim09_d1.5_meta1.5_r4_n1200,0,0,2
sim09_d1.5_meta1.5_r4_n1200,0,0,2
sim09_d1.5_meta1.5_r4_n1200,1,1,4
sim09_d1.5_meta1.5_r4_n1200,1,0,2
sim09_d1.5_meta1.5_r4_n1200,0,0,1
sim09_d1.5_meta1.5_r4_n1200,1,1,2
sim09_d1.5_meta1.5_r4_n1200,0,1,1
sim09_d1.5_meta1.5_r4_n1200,1,1,3
sim09_d1.5_meta1.5_r4_n1200,1,0,1
sim09_d1.5_meta1.5_r4_n1200,1,1,3
sim09_d1.5_meta1.5_r4_n1200,1,1,4
sim09_d1.5_meta1.5_r4_n1200,1,0,2
sim09_d1.5_meta1.5_r4_n1200,1,1,4
sim09_d1.5_meta1.5_r4_n1200,0,0,1
sim09_d1.5_meta1.5_r4_n1200,1,1,4
sim09_d1.5_meta1.5_r4_n1200,1,1,4
sim09_d1.5_meta1.5_r4_n1200,0,0,4
sim09_d1.5_meta1.5_r4_n1200,1,1,3
sim09_d1.5_meta1.5_r4_n1200,1,1,3
sim09_d1.5_meta1.5_r4_n1200,1,1,2
sim09_d1.5_meta1.5_r4_n1200,1,1,4
sim09_d1.5_meta1.5_r4_n1200,0,0,3
sim09_d1.5_meta1.5_r4_n1200,1,0,1
sim09_d1.5_meta1.5_r4_n1200,0,0,2
sim09_d1.5_meta1.5_r4_n1200,0,0,4
sim09_d1.5_meta1.5_r4_n1200,1,1,3
sim09_d1.5_meta1.5_r4_n1200,0,0,4
sim09_d1.5_meta1.5_r4_n1200,1,1,4
sim09_d1.5_meta1.5_r4_n1200,1,1,3
sim09_d1.5_meta1.5_r4_n1200,1,1,2
sim09_d1.5_meta1.5_r4_n1200,0,1,1
sim09_d1.5_meta1.5_r4_n1200,0,0,2
sim09_d1.5_meta1.5_r4_n1200,0,0,2
sim09_d1.5_meta1.5_r4_n1200,0,0,2
sim09_d1.5_meta1.5_r4_n1200,1,1,4
sim09_d1.5_meta1.5_r4_n1200,0,1,1
sim09_d1.5_meta1.5_r4_n1200,1,1,2
sim09_d1.5_meta1.5_r4_n1200,0,0,1
sim09_d1.5_meta1.5_r4_n1200,0,0,4
sim09_d1.5_meta1.5_r4_n1200,1,1,3
sim09_d1.5_meta1.5_r4_n1200,1,0,1
sim09_d1.5_meta1.5_r4_n1200,0,1,3
sim09_d1.5_meta1.5_r4_n1200,0,0,1
sim09_d1.5_meta1.5_r4_n1200,0,0,3
sim09_d1.5_meta1.5_r4_n1200,1,0,2
sim09_d1.5_meta1.5_r4_n1200,1,0,1
sim09_d1.5_meta1.5_r4_n1200,1,1,2
sim09_d1.5_meta1.5_r4_n1200,0,1,2
sim09_d1.5_meta1.5_r4_n1200,1,1,4
sim09_d1.5_meta1.5_r4_n1200,1,0,1
sim09_d1.5_meta1.5_r4_n1200,0,0,1
sim09_d1.5_meta1.5_r4_n1200,0,0,1
sim09_d1.5_meta1.5_r4_n1200,0,0,2
sim09_d1.5_meta1.5_r4_n1200,0,0,3
sim09_d1.5_meta1.5_r4_n1200,0,0,2
sim09_d1.5_meta1.5_r4_n1200,1,1,2
sim09_d1.5_meta1.5_r4_n1200,0,0,3
sim09_d1.5_meta1.5_r4_n1200,0,0,4
sim09_d1.5_meta1.5_r4_n1200,0,0,4
sim09_d1.5_meta1.5_r4_n1200,0,0,1
sim09_d1.5_meta1.5_r4_n1200,0,0,2
sim09_d1.5_meta1.5_r4_n1200,1,1,2
sim09_d1.5_meta1.5_r4_n1200,0,0,3
sim09_d1.5_meta1.5_r4_n1200,1,0,3
sim09_d1.5_meta1.5_r4_n1200,1,1,4
sim09_d1.5_meta1.5_r4_n1200,1,1,4
sim09_d1.5_meta1.5_r4_n1200,0,0,4
sim09_d1.5_meta1.5_r4_n1200,0,0,1
sim09_d1.5_meta1.5_r4_n1200,1,1,2
sim09_d1.5_meta1.5_r4_n1200,0,1,2
sim09_d1.5_meta1.5_r4_n1200,0,1,2
sim09_d1.5_meta1.5_r4_n1200,1,0,1
sim09_d1.5_meta1.5_r4_n1200,1,1,4
sim09_d1.5_meta1.5_r4_n1200,0,0,3
sim09_d1.5_meta1.5_r4_n1200,1,1,1
sim09_d1.5_meta1.5_r4_n1200,1,1,4
sim09_d1.5_meta1.5_r4_n1200,1,1,2
sim09_d1.5_meta1.5_r4_n1200,0,0,1
sim09_d1.5_meta1.5_r4_n1200,1,1,2
sim09_d1.5_meta1.5_r4_n1200,0,0,1
sim09_d1.5_meta1.5_r4_n1200,1,1,4
sim09_d1.5_meta1.5_r4_n1200,1,1,3
sim09_d1.5_meta1.5_r4_n1200,0,0,4
sim09_d1.5_meta1.5_r4_n1200,1,0,1
sim09_d1.5_meta1.5_r4_n1200,1,0,2
sim09_d1.5_meta1.5_r4_n1200,0,0,2
sim09_d1.5_meta1.5_r4_n1200,1,0,1
sim09_d1.5_meta1.5_r4_n1200,0,0,4
sim09_d1.5_meta1.5_r4_n1200,1,1,3
sim09_d1.5_meta1.5_r4_n1200,1,1,4
sim09_d1.5_meta1.5_r4_n1200,0,0,3
sim09_d1.5_meta1.5_r4_n1200,0,0,3
sim09_d1.5_meta1.5_r4_n1200,0,1,2
sim09_d1.5_meta1.5_r4_n1200,0,1,2
sim09_d1.5_meta1.5_r4_n1200,0,0,2
sim09_d1.5_meta1.5_r4_n1200,0,1,2
sim09_d1.5_meta1.5_r4_n1200,0,1,1
sim09_d1.5_meta1.5_r4_n1200,0,1,2
sim09_d1.5_meta1.5_r4_n1200,1,1,2
sim09_d1.5_meta1.5_r4_n1200,0,0,4
sim09_d1.5_meta1.5_r4_n1200,1,1,1
sim09_d1.5_meta1.5_r4_n1200,1,1,4
sim09_d1.5_meta1.5_r4_n1200,0,1,1
sim09_d1.5_meta1.5_r4_n1200,1,0,1
sim09_d1.5_meta1.5_r4_n1200,1,1,1
sim09_d1.5_meta1.5_r4_n1200,1,1,3
sim09_d1.5_meta1.5_r4_n1200,1,1,2
sim09_d1.5_meta1.5_r4_n1200,1,1,1
sim09_d1.5_meta1.5_r4_n1200,0,0,2
sim09_d1.5_meta1.5_r4_n1200,0,0,3
sim09_d1.5_meta1.5_r4_n1200,0,0,4
sim09_d1.5_meta1.5_r4_n1200,0,0,3
sim09_d1.5_meta1.5_r4_n1200,0,0,2
sim09_d1.5_meta1.5_r4_n1200,1,1,4
sim09_d1.5_meta1.5_r4_n1200,0,0,4
sim09_d1.5_meta1.5_r4_n1200,1,0,1
sim09_d1.5_meta1.5_r4_n1200,1,1,3
sim09_d1.5_meta1.5_r4_n1200,1,1,3
sim09_d1.5_meta1.5_r4_n1200,0,1,1
sim09_d1.5_meta1.5_r4_n1200,1,1,2
sim09_d1.5_meta1.5_r4_n1200,0,1,1
sim09_d1.5_meta1.5_r4_n1200,1,1,1
sim09_d1.5_meta1.5_r4_n1200,0,0,2
sim09_d1.5_meta1.5_r4_n1200,0,1,2
sim09_d1.5_meta1.5_r4_n1200,0,0,3
sim09_d1.5_meta1.5_r4_n1200,1,1,4
sim09_d1.5_meta1.5_r4_n1200,1,1,1
sim09_d1.5_meta1.5_r4_n1200,1,0,2
sim09_d1.5_meta1.5_r4_n1200,1,1,3
sim09_d1.5_meta1.5_r4_n1200,1,1,4
sim09_d1.5_meta1.5_r4_n1200,0,1,1
sim09_d1.5_meta1.5_r4_n1200,1,1,1
sim09_d1.5_meta1.5_r4_n1200,1,0,1
sim09_d1.5_meta1.5_r4_n1200,0,0,3
sim09_d1.5_meta1.5_r4_n1200,1,1,3
sim09_d1.5_meta1.5_r4_n1200,1,0,1
sim09_d1.5_meta1.5_r4_n1200,1,1,2
sim09_d1.5_meta1.5_r4_n1200,0,0,1
sim09_d1.5_meta1.5_r4_n1200,1,1,1
sim09_d1.5_meta1.5_r4_n1200,0,0,4
sim09_d1.5_meta1.5_r4_n1200,1,1,1
sim09_d1.5_meta1.5_r4_n1200,1,1,1
sim09_d1.5_meta1.5_r4_n1200,0,0,1
sim09_d1.5_meta1.5_r4_n1200,0,0,4
sim09_d1.5_meta1.5_r4_n1200,0,1,4
sim09_d1.5_meta1.5_r4_n1200,0,0,4
sim09_d1.5_meta1.5_r4_n1200,0,1,2
sim09_d1.5_meta1.5_r4_n1200,1,1,3
sim09_d1.5_meta1.5_r4_n1200,0,0,2
sim09_d1.5_meta1.5_r4_n1200,0,0,4
sim09_d1.5_meta1.5_r4_n1200,0,0,3
sim09_d1.5_meta1.5_r4_n1200,0,0,3
sim09_d1.5_meta1.5_r4_n1200,1,1,3
sim09_d1.5_meta1.5_r4_n1200,0,0,2
sim09_d1.5_meta1.5_r4_n1200,1,0,2
sim09_d1.5_meta1.5_r4_n1200,1,1,1
sim09_d1.5_meta1.5_r4_n1200,1,1,2
sim09_d1.5_meta1.5_r4_n1200,0,0,1
sim09_d1.5_meta1.5_r4_n1200,0,0,1
sim09_d1.5_meta1.5_r4_n1200,0,0,1
sim09_d1.5_meta1.5_r4_n1200,1,1,3
sim09_d1.5_meta1.5_r4_n1200,1,1,1
sim09_d1.5_meta1.5_r4_n1200,1,1,3
sim09_d1.5_meta1.5_r4_n1200,1,1,1
sim09_d1.5_meta1.5_r4_n1200,1,1,1
sim09_d1.5_meta1.5_r4_n1200,1,1,1
sim09_d1.5_meta1.5_r4_n1200,0,0,4
sim09_d1.5_meta1.5_r4_n1200,1,1,1
sim09_d1.5_meta1.5_r4_n1200,1,1,2
sim09_d1.5_meta1.5_r4_n1200,0,0,3
sim09_d1.5_meta1.5_r4_n1200,0,1,2
sim09_d1.5_meta1.5_r4_n1200,1,1,3
sim09_d1.5_meta1.5_r4_n1200,0,0,1
sim09_d1.5_meta1.5_r4_n1200,1,1,2
sim09_d1.5_meta1.5_r4_n1200,0,1,3
sim09_d1.5_meta1.5_r4_n1200,1,1,3
sim09_d1.5_meta1.5_r4_n1200,0,1,1
sim09_d1.5_meta1.5_r4_n1200,1,1,3
sim09_d1.5_meta1.5_r4_n1200,0,0,4
sim09_d1.5_meta1.5_r4_n1200,0,0,3
sim09_d1.5_meta1.5_r4_n1200,1,1,4
sim09_d1.5_meta1.5_r4_n1200,0,0,1
sim09_d1.5_meta1.5_r4_n1200,1,0,2
sim09_d1.5_meta1.5_r4_n1200,0,1,1
sim09_d1.5_meta1.5_r4_n1200,1,1,4
sim09_d1.5_meta1.5_r4_n1200,0,0,4
sim09_d1.5_meta1.5_r4_n1200,1,1,1
sim09_d1.5_meta1.5_r4_n1200,0,0,4
sim09_d1.5_meta1.5_r4_n1200,0,0,3
sim09_d1.5_meta1.5_r4_n1200,0,0,4
sim09_d1.5_meta1.5_r4_n1200,1,0,1
sim09_d1.5_meta1.5_r4_n1200,0,0,3
sim09_d1.5_meta1.5_r4_n1200,0,1,1
sim09_d1.5_meta1.5_r4_n1200,1,0,4
sim09_d1.5_meta1.5_r4_n1200,1,1,4
sim09_d1.5_meta1.5_r4_n1200,0,0,2
sim09_d1.5_meta1.5_r4_n1200,0,0,4
sim09_d1.5_meta1.5_r4_n1200,0,1,1
sim09_d1.5_meta1.5_r4_n1200,0,0,2
sim09_d1.5_meta1.5_r4_n1200,0,0,1
sim09_d1.5_meta1.5_r4_n1200,0,0,3
sim09_d1.5_meta1.5_r4_n1200,0,1,2
sim09_d1.5_meta1.5_r4_n1200,0,0,2
sim09_d1.5_meta1.5_r4_n1200,1,1,1
sim09_d1.5_meta1.5_r4_n1200,0,0,4
sim09_d1.5_meta1.5_r4_n1200,0,1,1
sim09_d1.5_meta1.5_r4_n1200,0,0,4
sim09_d1.5_meta1.5_r4_n1200,0,1,1
sim09_d1.5_meta1.5_r4_n1200,0,0,1
sim09_d1.5_meta1.5_r4_n1200,1,1,4
sim09_d1.5_meta1.5_r4_n1200,0,0,1
sim09_d1.5_meta1.5_r4_n1200,1,0,1
sim09_d1.5_meta1.5_r4_n1200,0,1,1
sim09_d1.5_meta1.5_r4_n1200,0,0,2
sim09_d1.5_meta1.5_r4_n1200,0,0,1
sim09_d1.5_meta1.5_r4_n1200,1,1,3
sim09_d1.5_meta1.5_r4_n1200,1,1,2
sim09_d1.5_meta1.5_r4_n1200,0,1,3
sim09_d1.5_meta1.5_r4_n1200,0,0,2
sim09_d1.5_meta1.5_r4_n1200,1,1,1
sim09_d1.5_meta1.5_r4_n1200,0,0,1
sim09_d1.5_meta1.5_r4_n1200,1,0,3
sim09_d1.5_meta1.5_r4_n1200,1,1,4
sim09_d1.5_meta1.5_r4_n1200,0,0,4
sim09_d1.5_meta1.5_r4_n1200,1,1,3
sim09_d1.5_meta1.5_r4_n1200,0,1,1
sim09_d1.5_meta1.5_r4_n1200,1,1,4
sim09_d1.5_meta1.5_r4_n1200,1,1,1
sim09_d1.5_meta1.5_r4_n1200,0,1,1
sim09_d1.5_meta1.5_r4_n1200,1,1,4
sim09_d1.5_meta1.5_r4_n1200,1,1,2
sim09_d1.5_meta1.5_r4_n1200,0,0,2
sim09_d1.5_meta1.5_r4_n1200,0,0,3
sim09_d1.5_meta1.5_r4_n1200,0,0,2
sim09_d1.5_meta1.5_r4_n1200,0,0,3
sim09_d1.5_meta1.5_r4_n1200,0,0,2
sim09_d1.5_meta1.5_r4_n1200,1,1,2
sim09_d1.5_meta1.5_r4_n1200,1,0,3
sim09_d1.5_meta1.5_r4_n1200,0,0,1
sim09_d1.5_meta1.5_r4_n1200,0,0,3
sim09_d1.5_meta1.5_r4_n1200,1,1,4
sim09_d1.5_meta1.5_r4_n1200,0,0,1
sim09_d1.5_meta1.5_r4_n1200,1,1,4
sim09_d1.5_meta1.5_r4_n1200,1,1,4
sim09_d1.5_meta1.5_r4_n1200,1,1,1
sim09_d1.5_meta1.5_r4_n1200,0,1,2
sim09_d1.5_meta1.5_r4_n1200,0,0,3
sim09_d1.5_meta1.5_r4_n1200,1,1,2
sim10_d0.2_meta0.2_r4_n400,1,0,2
sim10_d0.2_meta0.2_r4_n400,1,1,2
sim10_d0.2_meta0.2_r4_n400,0,1,1
sim10_d0.2_meta0.2_r4_n400,0,0,3
sim10_d0.2_meta0.2_r4_n400,0,0,1
sim10_d0.2_meta0.2_r4_n400,0,0,3
sim10_d0.2_meta0.2_r4_n400,0,1,2
sim10_d0.2_meta0.2_r4_n400,0,0,4
sim10_d0.2_meta0.2_r4_n400,0,0,4
sim10_d0.2_meta0.2_r4_n400,0,0,2
sim10_d0.2_meta0.2_r4_n400,1,0,2
sim10_d0.2_meta0.2_r4_n400,1,0,4
sim10_d0.2_meta0.2_r4_n400,0,1,2
sim10_d0.2_meta0.2_r4_n400,0,1,2
sim10_d0.2_meta0.2_r4_n400,1,1,1
sim10_d0.2_meta0.2_r4_n400,0,0,1
sim10_d0.2_meta0.2_r4_n400,1,1,1
sim10_d0.2_meta0.2_r4_n400,1,1,2
sim10_d0.2_meta0.2_r4_n400,1,1,1
sim10_d0.2_meta0.2_r4_n400,0,0,1
sim10_d0.2_meta0.2_r4_n400,0,1,2
sim10_d0.2_meta0.2_r4_n400,1,1,1
sim10_d0.2_meta0.2_r4_n400,1,1,4
sim10_d0.2_meta0.2_r4_n400,0,1,3
sim10_d0.2_meta0.2_r4_n400,1,1,4
sim10_d0.2_meta0.2_r4_n400,1,0,2
sim10_d0.2_meta0.2_r4_n400,0,1,2
sim10_d0.2_meta0.2_r4_n400,1,1,2
sim10_d0.2_meta0.2_r4_n400,0,0,4
sim10_d0.2_meta0.2_r4_n400,1,1,1
sim10_d0.2_meta0.2_r4_n400,1,0,1
sim10_d0.2_meta0.2_r4_n400,0,0,3
sim10_d0.2_meta0.2_r4_n400,0,1,1
sim10_d0.2_meta0.2_r4_n400,1,0,3
sim10_d0.2_meta0.2_r4_n400,0,0,3
sim10_d0.2_meta0.2_r4_n400,1,0,2
sim10_d0.2_meta0.2_r4_n400,0,1,3
sim10_d0.2_meta0.2_r4_n400,1,1,2
sim10_d0.2_meta0.2_r4_n400,0,0,3
sim10_d0.2_meta0.2_r4_n400,0,0,3
sim10_d0.2_meta0.2_r4_n400,1,1,3
sim10_d0.2_meta0.2_r4_n400,0,1,2
sim10_d0.2_meta0.2_r4_n400,1,1,2
sim10_d0.2_meta0.2_r4_n400,1,1,2
sim10_d0.2_meta0.2_r4_n400,1,0,1
sim10_d0.2_meta0.2_r4_n400,1,1,2
sim10_d0.2_meta0.2_r4_n400,0,1,4
sim10_d0.2_meta0.2_r4_n400,1,0,3
sim10_d0.2_meta0.2_r4_n400,1,0,1
sim10_d0.2_meta0.2_r4_n400,0,0,1
sim10_d0.2_meta0.2_r4_n400,0,0,3
sim10_d0.2_meta0.2_r4_n400,1,1,1
sim10_d0.2_meta0.2_r4_n400,0,0,2
sim10_d0.2_meta0.2_r4_n400,0,1,3
sim10_d0.2_meta0.2_r4_n400,1,1,1
sim10_d0.2_meta0.2_r4_n400,1,1,1
sim10_d0.2_meta0.2_r4_n400,0,1,2
sim10_d0.2_meta0.2_r4_n400,1,1,1
sim10_d0.2_meta0.2_r4_n400,1,0,4
sim10_d0.2_meta0.2_r4_n400,1,1,2
sim10_d0.2_meta0.2_r4_n400,0,1,1
sim10_d0.2_meta0.2_r4_n400,1,1,2
sim10_d0.2_meta0.2_r4_n400,0,0,1
sim10_d0.2_meta0.2_r4_n400,1,1,2
sim10_d0.2_meta0.2_r4_n400,1,0,3
sim10_d0.2_meta0.2_r4_n400,0,1,1
sim10_d0.2_meta0.2_r4_n400,0,0,2
sim10_d0.2_meta0.2_r4_n400,0,0,1
sim10_d0.2_meta0.2_r4_n400,0,0,2
sim10_d0.2_meta0.2_r4_n400,0,0,2
sim10_d0.2_meta0.2_r4_n400,0,1,1
sim10_d0.2_meta0.2_r4_n400,0,1,3
sim10_d0.2_meta0.2_r4_n400,0,1,2
sim10_d0.2_meta0.2_r4_n400,0,0,1
sim10_d0.2_meta0.2_r4_n400,0,1,4
sim10_d0.2_meta0.2_r4_n400,1,1,4
sim10_d0.2_meta0.2_r4_n400,1,0,4
sim10_d0.2_meta0.2_r4_n400,0,1,2
sim10_d0.2_meta0.2_r4_n400,1,0,1
sim10_d0.2_meta0.2_r4_n400,1,0,2
sim10_d0.2_meta0.2_r4_n400,1,1,3
sim10_d0.2_meta0.2_r4_n400,0,1,3
sim10_d0.2_meta0.2_r4_n400,1,1,4
sim10_d0.2_meta0.2_r4_n400,1,0,2
sim10_d0.2_meta0.2_r4_n400,0,0,1
sim10_d0.2_meta0.2_r4_n400,1,1,3
sim10_d0.2_meta0.2_r4_n400,1,1,3
sim10_d0.2_meta0.2_r4_n400,0,0,2
sim10_d0.2_meta0.2_r4_n400,0,0,2
sim10_d0.2_meta0.2_r4_n400,1,0,3
sim10_d0.2_meta0.2_r4_n400,0,1,2
sim10_d0.2_meta0.2_r4_n400,1,1,3
sim10_d0.2_meta0.2_r4_n400,1,0,3
sim10_d0.2_meta0.2_r4_n400,0,0,4
sim10_d0.2_meta0.2_r4_n400,1,0,1
sim10_d0.2_meta0.2_r4_n400,1,0,1
sim10_d0.2_meta0.2_r4_n400,1,1,3
sim10_d0.2_meta0.2_r4_n400,0,1,1
sim10_d0.2_meta0.2_r4_n400,1,1,2
sim10_d0.2_meta0.2_r4_n400,0,0,2
sim10_d0.2_meta0.2_r4_n400,1,1,2
sim10_d0.2_meta0.2_r4_n400,1,1,3
sim10_d0.2_meta0.2_r4_n400,0,0,2
sim10_d0.2_meta0.2_r4_n400,0,1,3
sim10_d0.2_meta0.2_r4_n400,0,1,3
sim10_d0.2_meta0.2_r4_n400,1,1,3
sim10_d0.2_meta0.2_r4_n400,0,1,1
sim10_d0.2_meta0.2_r4_n400,0,1,1
sim10_d0.2_meta0.2_r4_n400,0,0,1
sim10_d0.2_meta0.2_r4_n400,0,0,4
sim10_d0.2_meta0.2_r4_n400,1,1,2
sim10_d0.2_meta0.2_r4_n400,0,1,3
sim10_d0.2_meta0.2_r4_n400,0,1,2
sim10_d0.2_meta0.2_r4_n400,1,1,4
sim10_d0.2_meta0.2_r4_n400,0,1,3
sim10_d0.2_meta0.2_r4_n400,1,1,1
sim10_d0.2_meta0.2_r4_n400,0,1,2
sim10_d0.2_meta0.2_r4_n400,0,1,2
sim10_d0.2_meta0.2_r4_n400,1,0,1
sim10_d0.2_meta0.2_r4_n400,0,1,2
sim10_d0.2_meta0.2_r4_n400,1,1,4
sim10_d0.2_meta0.2_r4_n400,1,1,2
sim10_d0.2_meta0.2_r4_n400,1,1,2
sim10_d0.2_meta0.2_r4_n400,1,1,3
sim10_d0.2_meta0.2_r4_n400,1,0,4
sim10_d0.2_meta0.2_r4_n400,1,1,1
sim10_d0.2_meta0.2_r4_n400,1,0,1
sim10_d0.2_meta0.2_r4_n400,1,1,1
sim10_d0.2_meta0.2_r4_n400,1,0,1
sim10_d0.2_meta0.2_r4_n400,1,0,1
sim10_d0.2_meta0.2_r4_n400,1,1,1
sim10_d0.2_meta0.2_r4_n400,1,0,1
sim10_d0.2_meta0.2_r4_n400,1,1,2
sim10_d0.2_meta0.2_r4_n400,1,1,1
sim10_d0.2_meta0.2_r4_n400,0,0,2
sim10_d0.2_meta0.2_r4_n400,0,1,1
sim10_d0.2_meta0.2_r4_n400,1,1,2
sim10_d0.2_meta0.2_r4_n400,1,1,3
sim10_d0.2_meta0.2_r4_n400,1,0,4
sim10_d0.2_meta0.2_r4_n400,0,0,3
sim10_d0.2_meta0.2_r4_n400,0,1,2
sim10_d0.2_meta0.2_r4_n400,0,1,4
sim10_d0.2_meta0.2_r4_n400,1,0,2
sim10_d0.2_meta0.2_r4_n400,1,0,1
sim10_d0.2_meta0.2_r4_n400,1,1,1
sim10_d0.2_meta0.2_r4_n400,1,0,2
sim10_d0.2_meta0.2_r4_n400,1,0,3
sim10_d0.2_meta0.2_r4_n400,0,1,1
sim10_d0.2_meta0.2_r4_n400,1,1,1
sim10_d0.2_meta0.2_r4_n400,1,1,2
sim10_d0.2_meta0.2_r4_n400,0,0,4
sim10_d0.2_meta0.2_r4_n400,0,1,1
sim10_d0.2_meta0.2_r4_n400,0,0,3
sim10_d0.2_meta0.2_r4_n400,0,0,1
sim10_d0.2_meta0.2_r4_n400,0,0,2
sim10_d0.2_meta0.2_r4_n400,1,0,1
sim10_d0.2_meta0.2_r4_n400,1,1,2
sim10_d0.2_meta0.2_r4_n400,1,0,1
sim10_d0.2_meta0.2_r4_n400,0,0,2
sim10_d0.2_meta0.2_r4_n400,0,1,3
sim10_d0.2_meta0.2_r4_n400,1,0,3
sim10_d0.2_meta0.2_r4_n400,0,1,4
sim10_d0.2_meta0.2_r4_n400,1,0,4
sim10_d0.2_meta0.2_r4_n400,1,0,2
sim10_d0.2_meta0.2_r4_n400,0,0,1
sim10_d0.2_meta0.2_r4_n400,1,1,3
sim10_d0.2_meta0.2_r4_n400,0,1,4
sim10_d0.2_meta0.2_r4_n400,1,1,4
sim10_d0.2_meta0.2_r4_n400,1,1,3
sim10_d0.2_meta0.2_r4_n400,1,0,1
sim10_d0.2_meta0.2_r4_n400,1,0,1
sim10_d0.2_meta0.2_r4_n400,1,0,1
sim10_d0.2_meta0.2_r4_n400,1,1,2
sim10_d0.2_meta0.2_r4_n400,0,0,2
sim10_d0.2_meta0.2_r4_n400,0,1,2
sim10_d0.2_meta0.2_r4_n400,0,1,1
sim10_d0.2_meta0.2_r4_n400,1,1,2
sim10_d0.2_meta0.2_r4_n400,0,0,3
sim10_d0.2_meta0.2_r4_n400,1,0,1
sim10_d0.2_meta0.2_r4_n400,1,1,4
sim10_d0.2_meta0.2_r4_n400,1,1,2
sim10_d0.2_meta0.2_r4_n400,1,1,4
sim10_d0.2_meta0.2_r4_n400,1,1,1
sim10_d0.2_meta0.2_r4_n400,0,0,3
sim10_d0.2_meta0.2_r4_n400,1,0,2
sim10_d0.2_meta0.2_r4_n400,0,0,1
sim10_d0.2_meta0.2_r4_n400,1,0,2
sim10_d0.2_meta0.2_r4_n400,1,0,3
sim10_d0.2_meta0.2_r4_n400,1,0,3
sim10_d0.2_meta0.2_r4_n400,1,0,1
sim10_d0.2_meta0.2_r4_n400,0,0,3
sim10_d0.2_meta0.2_r4_n400,1,0,1
sim10_d0.2_meta0.2_r4_n400,0,0,1
sim10_d0.2_meta0.2_r4_n400,1,1,4
sim10_d0.2_meta0.2_r4_n400,0,1,2
sim10_d0.2_meta0.2_r4_n400,0,0,1
sim10_d0.2_meta0.2_r4_n400,0,1,1
sim10_d0.2_meta0.2_r4_n400,0,0,1
sim10_d0.2_meta0.2_r4_n400,1,1,4
sim10_d0.2_meta0.2_r4_n400,0,0,1
sim10_d0.2_meta0.2_r4_n400,1,0,1
sim10_d0.2_meta0.2_r4_n400,0,0,3
sim10_d0.2_meta0.2_r4_n400,0,1,2
sim10_d0.2_meta0.2_r4_n400,0,0,2
sim10_d0.2_meta0.2_r4_n400,0,0,1
sim10_d0.2_meta0.2_r4_n400,0,1,1
sim10_d0.2_meta0.2_r4_n400,0,1,4
sim10_d0.2_meta0.2_r4_n400,0,0,1
sim10_d0.2_meta0.2_r4_n400,0,0,1
sim10_d0.2_meta0.2_r4_n400,1,1,2
sim10_d0.2_meta0.2_r4_n400,0,1,1
sim10_d0.2_meta0.2_r4_n400,0,0,3
sim10_d0.2_meta0.2_r4_n400,1,0,1
sim10_d0.2_meta0.2_r4_n400,1,0,1
sim10_d0.2_meta0.2_r4_n400,1,1,1
sim10_d0.2_meta0.2_r4_n400,1,1,1
sim10_d0.2_meta0.2_r4_n400,1,0,2
sim10_d0.2_meta0.2_r4_n400,0,1,2
sim10_d0.2_meta0.2_r4_n400,0,0,2
sim10_d0.2_meta0.2_r4_n400,1,1,1
sim10_d0.2_meta0.2_r4_n400,0,1,1
sim10_d0.2_meta0.2_r4_n400,0,0,4
sim10_d0.2_meta0.2_r4_n400,1,0,4
sim10_d0.2_meta0.2_r4_n400,1,0,3
sim10_d0.2_meta0.2_r4_n400,0,0,3
sim10_d0.2_meta0.2_r4_n400,1,0,2
sim10_d0.2_meta0.2_r4_n400,1,0,4
sim10_d0.2_meta0.2_r4_n400,1,0,2
sim10_d0.2_meta0.2_r4_n400,0,1,1
sim10_d0.2_meta0.2_r4_n400,1,0,4
sim10_d0.2_meta0.2_r4_n400,0,1,1
sim10_d0.2_meta0.2_r4_n400,0,0,1
sim10_d0.2_meta0.2_r4_n400,0,0,4
sim10_d0.2_meta0.2_r4_n400,1,0,1
sim10_d0.2_meta0.2_r4_n400,0,0,1
sim10_d0.2_meta0.2_r4_n400,0,1,1
sim10_d0.2_meta0.2_r4_n400,1,0,1
sim10_d0.2_meta0.2_r4_n400,1,1,4
sim10_d0.2_meta0.2_r4_n400,1,0,4
sim10_d0.2_meta0.2_r4_n400,0,1,2
sim10_d0.2_meta0.2_r4_n400,1,0,2
sim10_d0.2_meta0.2_r4_n400,1,0,2
sim10_d0.2_meta0.2_r4_n400,1,0,4
sim10_d0.2_meta0.2_r4_n400,0,0,1
sim10_d0.2_meta0.2_r4_n400,0,0,2
sim10_d0.2_meta0.2_r4_n400,1,0,3
sim10_d0.2_meta0.2_r4_n400,1,0,2
sim10_d0.2_meta0.2_r4_n400,0,0,2
sim10_d0.2_meta0.2_r4_n400,0,1,3
sim10_d0.2_meta0.2_r4_n400,1,1,1
sim10_d0.2_meta0.2_r4_n400,0,0,2
sim10_d0.2_meta0.2_r4_n400,1,1,1
sim10_d0.2_meta0.2_r4_n400,0,0,2
sim10_d0.2_meta0.2_r4_n400,0,0,2
sim10_d0.2_meta0.2_r4_n400,0,0,2
sim10_d0.2_meta0.2_r4_n400,0,0,1
sim10_d0.2_meta0.2_r4_n400,0,0,2
sim10_d0.2_meta0.2_r4_n400,0,0,2
sim10_d0.2_meta0.2_r4_n400,1,0,2
sim10_d0.2_meta0.2_r4_n400,0,0,1
sim10_d0.2_meta0.2_r4_n400,1,1,2
sim10_d0.2_meta0.2_r4_n400,1,0,1
sim10_d0.2_meta0.2_r4_n400,1,0,3
sim10_d0.2_meta0.2_r4_n400,1,0,1
sim10_d0.2_meta0.2_r4_n400,0,0,2
sim10_d0.2_meta0.2_r4_n400,1,0,2
sim10_d0.2_meta0.2_r4_n400,0,1,2
sim10_d0.2_meta0.2_r4_n400,1,1,2
sim10_d0.2_meta0.2_r4_n400,0,0,2
sim10_d0.2_meta0.2_r4_n400,1,1,2
sim10_d0.2_meta0.2_r4_n400,0,1,4
sim10_d0.2_meta0.2_r4_n400,1,1,1
sim10_d0.2_meta0.2_r4_n400,0,0,2
sim10_d0.2_meta0.2_r4_n400,1,0,1
sim10_d0.2_meta0.2_r4_n400,0,1,1
sim10_d0.2_meta0.2_r4_n400,1,0,2
sim10_d0.2_meta0.2_r4_n400,0,1,1
sim10_d0.2_meta0.2_r4_n400,1,0,3
sim10_d0.2_meta0.2_r4_n400,1,1,1
sim10_d0.2_meta0.2_r4_n400,1,1,4
sim10_d0.2_meta0.2_r4_n400,1,0,1
sim10_d0.2_meta0.2_r4_n400,1,0,3
sim10_d0.2_meta0.2_r4_n400,1,1,4
sim10_d0.2_meta0.2_r4_n400,0,1,3
sim10_d0.2_meta0.2_r4_n400,0,1,3
sim10_d0.2_meta0.2_r4_n400,0,0,2
sim10_d0.2_meta0.2_r4_n400,0,0,1
sim10_d0.2_meta0.2_r4_n400,1,1,1
sim10_d0.2_meta0.2_r4_n400,0,0,1
sim10_d0.2_meta0.2_r4_n400,0,1,2
sim10_d0.2_meta0.2_r4_n400,1,1,1
sim10_d0.2_meta0.2_r4_n400,1,1,1
sim10_d0.2_meta0.2_r4_n400,0,0,2
sim10_d0.2_meta0.2_r4_n400,1,1,3
sim10_d0.2_meta0.2_r4_n400,0,0,3
sim10_d0.2_meta0.2_r4_n400,0,1,3
sim10_d0.2_meta0.2_r4_n400,0,1,3
sim10_d0.2_meta0.2_r4_n400,0,1,3
sim10_d0.2_meta0.2_r4_n400,1,1,4
sim10_d0.2_meta0.2_r4_n400,0,0,3
sim10_d0.2_meta0.2_r4_n400,0,0,2
sim10_d0.2_meta0.2_r4_n400,0,0,3
sim10_d0.2_meta0.2_r4_n400,0,1,4
sim10_d0.2_meta0.2_r4_n400,1,1,4
sim10_d0.2_meta0.2_r4_n400,0,0,4
sim10_d0.2_meta0.2_r4_n400,0,0,1
sim10_d0.2_meta0.2_r4_n400,0,1,1
sim10_d0.2_meta0.2_r4_n400,1,0,1
sim10_d0.2_meta0.2_r4_n400,0,0,2
sim10_d0.2_meta0.2_r4_n400,0,1,2
sim10_d0.2_meta0.2_r4_n400,1,1,1
sim10_d0.2_meta0.2_r4_n400,1,0,2
sim10_d0.2_meta0.2_r4_n400,0,1,1
sim10_d0.2_meta0.2_r4_n400,1,0,3
sim10_d0.2_meta0.2_r4_n400,0,1,3
sim10_d0.2_meta0.2_r4_n400,0,0,2
sim10_d0.2_meta0.2_r4_n400,1,1,2
sim10_d0.2_meta0.2_r4_n400,1,1,1
sim10_d0.2_meta0.2_r4_n400,1,0,4
sim10_d0.2_meta0.2_r4_n400,0,1,2
sim10_d0.2_meta0.2_r4_n400,0,0,2
sim10_d0.2_meta0.2_r4_n400,0,1,3
sim10_d0.2_meta0.2_r4_n400,1,1,1
sim10_d0.2_meta0.2_r4_n400,1,1,1
sim10_d0.2_meta0.2_r4_n400,0,0,2
sim10_d0.2_meta0.2_r4_n400,0,0,2
sim10_d0.2_meta0.2_r4_n400,1,1,2
sim10_d0.2_meta0.2_r4_n400,1,1,4
sim10_d0.2_meta0.2_r4_n400,1,0,3
sim10_d0.2_meta0.2_r4_n400,1,1,2
sim10_d0.2_meta0.2_r4_n400,1,0,2
sim10_d0.2_meta0.2_r4_n400,1,1,1
sim10_d0.2_meta0.2_r4_n400,0,1,3
sim10_d0.2_meta0.2_r4_n400,1,0,3
sim10_d0.2_meta0.2_r4_n400,0,1,1
sim10_d0.2_meta0.2_r4_n400,0,0,2
sim10_d0.2_meta0.2_r4_n400,0,0,1
sim10_d0.2_meta0.2_r4_n400,1,1,2
sim10_d0.2_meta0.2_r4_n400,0,1,1
sim10_d0.2_meta0.2_r4_n400,0,0,3
sim10_d0.2_meta0.2_r4_n400,0,0,1
sim10_d0.2_meta0.2_r4_n400,0,0,2
sim10_d0.2_meta0.2_r4_n400,0,1,1
sim10_d0.2_meta0.2_r4_n400,1,1,3
sim10_d0.2_meta0.2_r4_n400,1,0,2
sim10_d0.2_meta0.2_r4_n400,0,1,4
sim10_d0.2_meta0.2_r4_n400,1,1,2
sim10_d0.2_meta0.2_r4_n400,0,1,1
sim10_d0.2_meta0.2_r4_n400,1,1,3
sim10_d0.2_meta0.2_r4_n400,1,1,2
sim10_d0.2_meta0.2_r4_n400,1,0,1
sim10_d0.2_meta0.2_r4_n400,0,0,3
sim10_d0.2_meta0.2_r4_n400,1,0,3
sim10_d0.2_meta0.2_r4_n400,0,0,1
sim10_d0.2_meta0.2_r4_n400,1,1,2
sim10_d0.2_meta0.2_r4_n400,1,1,4
sim10_d0.2_meta0.2_r4_n400,0,0,2
sim10_d0.2_meta0.2_r4_n400,1,1,1
sim10_d0.2_meta0.2_r4_n400,0,0,4
sim10_d0.2_meta0.2_r4_n400,0,1,4
sim10_d0.2_meta0.2_r4_n400,0,0,2
sim10_d0.2_meta0.2_r4_n400,0,1,3
sim10_d0.2_meta0.2_r4_n400,0,1,2
sim10_d0.2_meta0.2_r4_n400,0,1,3
sim10_d0.2_meta0.2_r4_n400,1,1,3
sim10_d0.2_meta0.2_r4_n400,0,0,1
sim10_d0.2_meta0.2_r4_n400,1,1,4
sim10_d0.2_meta0.2_r4_n400,1,1,1
sim10_d0.2_meta0.2_r4_n400,0,1,3
sim10_d0.2_meta0.2_r4_n400,1,0,1
sim10_d0.2_meta0.2_r4_n400,0,0,2
sim10_d0.2_meta0.2_r4_n400,1,1,3
sim10_d0.2_meta0.2_r4_n400,1,0,1
sim10_d0.2_meta0.2_r4_n400,1,1,1
sim10_d0.2_meta0.2_r4_n400,1,0,2
sim10_d0.2_meta0.2_r4_n400,0,1,1
sim10_d0.2_meta0.2_r4_n400,1,1,1
sim10_d0.2_meta0.2_r4_n400,1,1,4
sim10_d0.2_meta0.2_r4_n400,1,0,1
sim10_d0.2_meta0.2_r4_n400,1,1,2
sim10_d0.2_meta0.2_r4_n400,0,0,2
sim10_d0.2_meta0.2_r4_n400,1,0,1
sim10_d0.2_meta0.2_r4_n400,0,0,3
sim10_d0.2_meta0.2_r4_n400,0,1,2
sim10_d0.2_meta0.2_r4_n400,0,1,1
sim10_d0.2_meta0.2_r4_n400,1,0,2
sim10_d0.2_meta0.2_r4_n400,0,0,1
sim10_d0.2_meta0.2_r4_n400,0,1,2
sim10_d0.2_meta0.2_r4_n400,1,0,4
sim10_d0.2_meta0.2_r4_n400,0,1,2
sim10_d0.2_meta0.2_r4_n400,0,0,2
sim10_d0.2_meta0.2_r4_n400,0,1,1
sim10_d0.2_meta0.2_r4_n400,0,0,4
sim10_d0.2_meta0.2_r4_n400,1,1,2
sim10_d0.2_meta0.2_r4_n400,0,1,3
sim10_d0.2_meta0.2_r4_n400,0,0,1
sim10_d0.2_meta0.2_r4_n400,0,0,3
sim10_d0.2_meta0.2_r4_n400,0,1,3
sim10_d0.2_meta0.2_r4_n400,1,0,4
sim10_d0.2_meta0.2_r4_n400,0,0,1
sim11_d2.5_meta2.5_r4_n400,1,1,4
sim11_d2.5_meta2.5_r4_n400,0,0,4
sim11_d2.5_meta2.5_r4_n400,1,1,3
sim11_d2.5_meta2.5_r4_n400,1,1,4
sim11_d2.5_meta2.5_r4_n400,1,1,2
sim11_d2.5_meta2.5_r4_n400,0,0,3
sim11_d2.5_meta2.5_r4_n400,0,0,4
sim11_d2.5_meta2.5_r4_n400,1,1,3
sim11_d2.5_meta2.5_r4_n400,1,1,1
sim11_d2.5_meta2.5_r4_n400,0,0,4
sim11_d2.5_meta2.5_r4_n400,1,1,2
sim11_d2.5_meta2.5_r4_n400,1,1,4
sim11_d2.5_meta2.5_r4_n400,0,0,4
sim11_d2.5_meta2.5_r4_n400,1,1,2
sim11_d2.5_meta2.5_r4_n400,1,1,1
sim11_d2.5_meta2.5_r4_n400,0,0,3
sim11_d2.5_meta2.5_r4_n400,1,0,1
sim11_d2.5_meta2.5_r4_n400,0,0,4
sim11_d2.5_meta2.5_r4_n400,1,0,3
sim11_d2.5_meta2.5_r4_n400,1,1,4
sim11_d2.5_meta2.5_r4_n400,0,0,1
sim11_d2.5_meta2.5_r4_n400,1,0,2
sim11_d2.5_meta2.5_r4_n400,1,1,4
sim11_d2.5_meta2.5_r4_n400,1,1,4
sim11_d2.5_meta2.5_r4_n400,1,0,2
sim11_d2.5_meta2.5_r4_n400,1,1,3
sim11_d2.5_meta2.5_r4_n400,0,0,1
sim11_d2.5_meta2.5_r4_n400,1,1,2
sim11_d2.5_meta2.5_r4_n400,0,1,2
sim11_d2.5_meta2.5_r4_n400,0,0,2
sim11_d2.5_meta2.5_r4_n400,1,1,1
sim11_d2.5_meta2.5_r4_n400,1,1,4
sim11_d2.5_meta2.5_r4_n400,0,0,1
sim11_d2.5_meta2.5_r4_n400,0,0,2
sim11_d2.5_meta2.5_r4_n400,0,0,4
sim11_d2.5_meta2.5_r4_n400,0,0,3
sim11_d2.5_meta2.5_r4_n400,0,0,4
sim11_d2.5_meta2.5_r4_n400,1,1,2
sim11_d2.5_meta2.5_r4_n400,1,1,4
sim11_d2.5_meta2.5_r4_n400,0,0,3
sim11_d2.5_meta2.5_r4_n400,0,1,1
sim11_d2.5_meta2.5_r4_n400,1,1,2
sim11_d2.5_meta2.5_r4_n400,1,1,4
sim11_d2.5_meta2.5_r4_n400,0,0,4
sim11_d2.5_meta2.5_r4_n400,1,1,4
sim11_d2.5_meta2.5_r4_n400,1,1,4
sim11_d2.5_meta2.5_r4_n400,1,1,3
sim11_d2.5_meta2.5_r4_n400,0,0,4
sim11_d2.5_meta2.5_r4_n400,0,0,2
sim11_d2.5_meta2.5_r4_n400,0,0,1
sim11_d2.5_meta2.5_r4_n400,1,1,4
sim11_d2.5_meta2.5_r4_n400,1,1,2
sim11_d2.5_meta2.5_r4_n400,0,0,3
sim11_d2.5_meta2.5_r4_n400,0,0,3
sim11_d2.5_meta2.5_r4_n400,0,0,4
sim11_d2.5_meta2.5_r4_n400,1,1,1
sim11_d2.5_meta2.5_r4_n400,1,1,4
sim11_d2.5_meta2.5_r4_n400,1,1,3
sim11_d2.5_meta2.5_r4_n400,0,0,2
sim11_d2.5_meta2.5_r4_n400,1,1,4
sim11_d2.5_meta2.5_r4_n400,1,1,2
sim11_d2.5_meta2.5_r4_n400,0,1,1
sim11_d2.5_meta2.5_r4_n400,1,1,4
sim11_d2.5_meta2.5_r4_n400,0,0,4
sim11_d2.5_meta2.5_r4_n400,1,1,3
sim11_d2.5_meta2.5_r4_n400,0,0,2
sim11_d2.5_meta2.5_r4_n400,0,0,3
sim11_d2.5_meta2.5_r4_n400,1,1,4
sim11_d2.5_meta2.5_r4_n400,0,0,4
sim11_d2.5_meta2.5_r4_n400,0,0,2
sim11_d2.5_meta2.5_r4_n400,0,1,1
sim11_d2.5_meta2.5_r4_n400,1,1,3
sim11_d2.5_meta2.5_r4_n400,0,1,1
sim11_d2.5_meta2.5_r4_n400,0,1,2
sim11_d2.5_meta2.5_r4_n400,1,1,4
sim11_d2.5_meta2.5_r4_n400,0,0,4
sim11_d2.5_meta2.5_r4_n400,0,0,2
sim11_d2.5_meta2.5_r4_n400,1,1,1
sim11_d2.5_meta2.5_r4_n400,1,1,4
sim11_d2.5_meta2.5_r4_n400,0,0,2
sim11_d2.5_meta2.5_r4_n400,1,1,1
sim11_d2.5_meta2.5_r4_n400,0,0,4
sim11_d2.5_meta2.5_r4_n400,1,1,4
sim11_d2.5_meta2.5_r4_n400,1,1,4
sim11_d2.5_meta2.5_r4_n400,1,1,2
sim11_d2.5_meta2.5_r4_n400,0,0,3
sim11_d2.5_meta2.5_r4_n400,0,0,2
sim11_d2.5_meta2.5_r4_n400,0,0,3
sim11_d2.5_meta2.5_r4_n400,0,0,1
sim11_d2.5_meta2.5_r4_n400,1,1,1
sim11_d2.5_meta2.5_r4_n400,0,0,4
sim11_d2.5_meta2.5_r4_n400,0,0,4
sim11_d2.5_meta2.5_r4_n400,1,1,2
sim11_d2.5_meta2.5_r4_n400,0,0,4
sim11_d2.5_meta2.5_r4_n400,0,1,2
sim11_d2.5_meta2.5_r4_n400,1,1,3
sim11_d2.5_meta2.5_r4_n400,0,0,2
sim11_d2.5_meta2.5_r4_n400,0,0,1
sim11_d2.5_meta2.5_r4_n400,1,1,3
sim11_d2.5_meta2.5_r4_n400,1,1,1
sim11_d2.5_meta2.5_r4_n400,1,1,4
sim11_d2.5_meta2.5_r4_n400,1,1,3
sim11_d2.5_meta2.5_r4_n400,0,0,1
sim11_d2.5_meta2.5_r4_n400,0,1,2
sim11_d2.5_meta2.5_r4_n400,0,0,3
sim11_d2.5_meta2.5_r4_n400,1,1,4
sim11_d2.5_meta2.5_r4_n400,0,0,2
sim11_d2.5_meta2.5_r4_n400,0,0,2
sim11_d2.5_meta2.5_r4_n400,0,0,3
sim11_d2.5_meta2.5_r4_n400,1,1,1
sim11_d2.5_meta2.5_r4_n400,1,1,4
sim11_d2.5_meta2.5_r4_n400,1,1,2
sim11_d2.5_meta2.5_r4_n400,1,1,1
sim11_d2.5_meta2.5_r4_n400,0,1,1
sim11_d2.5_meta2.5_r4_n400,1,1,3
sim11_d2.5_meta2.5_r4_n400,1,1,3
sim11_d2.5_meta2.5_r4_n400,1,1,1
sim11_d2.5_meta2.5_r4_n400,1,1,1
sim11_d2.5_meta2.5_r4_n400,0,0,3
sim11_d2.5_meta2.5_r4_n400,1,1,1
sim11_d2.5_meta2.5_r4_n400,0,0,2
sim11_d2.5_meta2.5_r4_n400,0,0,4
sim11_d2.5_meta2.5_r4_n400,1,1,1
sim11_d2.5_meta2.5_r4_n400,0,0,4
sim11_d2.5_meta2.5_r4_n400,1,1,3
sim11_d2.5_meta2.5_r4_n400,1,0,2
sim11_d2.5_meta2.5_r4_n400,0,0,3
sim11_d2.5_meta2.5_r4_n400,1,0,1
sim11_d2.5_meta2.5_r4_n400,1,1,3
sim11_d2.5_meta2.5_r4_n400,1,1,4
sim11_d2.5_meta2.5_r4_n400,0,0,4
sim11_d2.5_meta2.5_r4_n400,0,0,3
sim11_d2.5_meta2.5_r4_n400,0,0,4
sim11_d2.5_meta2.5_r4_n400,0,0,4
sim11_d2.5_meta2.5_r4_n400,0,0,4
sim11_d2.5_meta2.5_r4_n400,1,1,4
sim11_d2.5_meta2.5_r4_n400,1,1,2
sim11_d2.5_meta2.5_r4_n400,0,0,1
sim11_d2.5_meta2.5_r4_n400,1,1,4
sim11_d2.5_meta2.5_r4_n400,0,0,2
sim11_d2.5_meta2.5_r4_n400,1,1,4
sim11_d2.5_meta2.5_r4_n400,0,1,1
sim11_d2.5_meta2.5_r4_n400,1,0,1
sim11_d2.5_meta2.5_r4_n400,1,1,3
sim11_d2.5_meta2.5_r4_n400,0,0,3
sim11_d2.5_meta2.5_r4_n400,0,0,3
sim11_d2.5_meta2.5_r4_n400,1,1,2
sim11_d2.5_meta2.5_r4_n400,0,0,4
sim11_d2.5_meta2.5_r4_n400,1,1,1
sim11_d2.5_meta2.5_r4_n400,1,1,1
sim11_d2.5_meta2.5_r4_n400,0,0,4
sim11_d2.5_meta2.5_r4_n400,0,0,1
sim11_d2.5_meta2.5_r4_n400,1,1,3
sim11_d2.5_meta2.5_r4_n400,0,0,2
sim11_d2.5_meta2.5_r4_n400,1,1,2
sim11_d2.5_meta2.5_r4_n400,1,1,4
sim11_d2.5_meta2.5_r4_n400,0,0,3
sim11_d2.5_meta2.5_r4_n400,0,0,4
sim11_d2.5_meta2.5_r4_n400,0,0,4
sim11_d2.5_meta2.5_r4_n400,1,1,4
sim11_d2.5_meta2.5_r4_n400,1,1,3
sim11_d2.5_meta2.5_r4_n400,0,0,2
sim11_d2.5_meta2.5_r4_n400,1,1,3
sim11_d2.5_meta2.5_r4_n400,0,0,4
sim11_d2.5_meta2.5_r4_n400,1,1,2
sim11_d2.5_meta2.5_r4_n400,1,0,2
sim11_d2.5_meta2.5_r4_n400,0,0,4
sim11_d2.5_meta2.5_r4_n400,0,0,3
sim11_d2.5_meta2.5_r4_n400,1,1,4
sim11_d2.5_meta2.5_r4_n400,0,0,4
sim11_d2.5_meta2.5_r4_n400,1,1,4
sim11_d2.5_meta2.5_r4_n400,1,1,4
sim11_d2.5_meta2.5_r4_n400,1,1,2
sim11_d2.5_meta2.5_r4_n400,1,1,3
sim11_d2.5_meta2.5_r4_n400,0,0,3
sim11_d2.5_meta2.5_r4_n400,0,0,2
sim11_d2.5_meta2.5_r4_n400,0,0,3
sim11_d2.5_meta2.5_r4_n400,1,1,3
sim11_d2.5_meta2.5_r4_n400,1,1,1
sim11_d2.5_meta2.5_r4_n400,0,0,4
sim11_d2.5_meta2.5_r4_n400,0,0,1
sim11_d2.5_meta2.5_r4_n400,0,0,4
sim11_d2.5_meta2.5_r4_n400,0,0,3
sim11_d2.5_meta2.5_r4_n400,1,0,1
sim11_d2.5_meta2.5_r4_n400,0,0,4
sim11_d2.5_meta2.5_r4_n400,1,1,2
sim11_d2.5_meta2.5_r4_n400,0,0,4
sim11_d2.5_meta2.5_r4_n400,0,0,4
sim11_d2.5_meta2.5_r4_n400,0,1,1
sim11_d2.5_meta2.5_r4_n400,0,0,3
sim11_d2.5_meta2.5_r4_n400,1,0,2
sim11_d2.5_meta2.5_r4_n400,0,0,3
sim11_d2.5_meta2.5_r4_n400,1,1,2
sim11_d2.5_meta2.5_r4_n400,1,1,4
sim11_d2.5_meta2.5_r4_n400,0,0,4
sim11_d2.5_meta2.5_r4_n400,0,0,4
sim11_d2.5_meta2.5_r4_n400,1,1,2
sim11_d2.5_meta2.5_r4_n400,0,0,1
sim11_d2.5_meta2.5_r4_n400,1,1,2
sim11_d2.5_meta2.5_r4_n400,0,0,2
sim11_d2.5_meta2.5_r4_n400,1,1,4
sim11_d2.5_meta2.5_r4_n400,0,0,4
sim11_d2.5_meta2.5_r4_n400,0,1,1
sim11_d2.5_meta2.5_r4_n400,0,0,4
sim11_d2.5_meta2.5_r4_n400,1,1,1
sim11_d2.5_meta2.5_r4_n400,0,0,2
sim11_d2.5_meta2.5_r4_n400,0,1,1
sim11_d2.5_meta2.5_r4_n400,1,1,1
sim11_d2.5_meta2.5_r4_n400,1,1,4
sim11_d2.5_meta2.5_r4_n400,0,0,2
sim11_d2.5_meta2.5_r4_n400,0,0,4
sim11_d2.5_meta2.5_r4_n400,0,0,4
sim11_d2.5_meta2.5_r4_n400,1,0,1
sim11_d2.5_meta2.5_r4_n400,1,0,2
sim11_d2.5_meta2.5_r4_n400,0,1,2
sim11_d2.5_meta2.5_r4_n400,0,0,3
sim11_d2.5_meta2.5_r4_n400,0,0,2
sim11_d2.5_meta2.5_r4_n400,0,0,4
sim11_d2.5_meta2.5_r4_n400,0,0,4
sim11_d2.5_meta2.5_r4_n400,1,1,1
sim11_d2.5_meta2.5_r4_n400,0,0,2
sim11_d2.5_meta2.5_r4_n400,0,0,4
sim11_d2.5_meta2.5_r4_n400,0,0,4
sim11_d2.5_meta2.5_r4_n400,0,1,2
sim11_d2.5_meta2.5_r4_n400,0,0,4
sim11_d2.5_meta2.5_r4_n400,1,1,1
sim11_d2.5_meta2.5_r4_n400,1,1,3
sim11_d2.5_meta2.5_r4_n400,0,0,4
sim11_d2.5_meta2.5_r4_n400,0,1,1
sim11_d2.5_meta2.5_r4_n400,1,1,1
sim11_d2.5_meta2.5_r4_n400,0,0,3
sim11_d2.5_meta2.5_r4_n400,1,0,1
sim11_d2.5_meta2.5_r4_n400,1,1,3
sim11_d2.5_meta2.5_r4_n400,1,1,4
sim11_d2.5_meta2.5_r4_n400,1,1,4
sim11_d2.5_meta2.5_r4_n400,0,0,2
sim11_d2.5_meta2.5_r4_n400,0,0,4
sim11_d2.5_meta2.5_r4_n400,1,1,3
sim11_d2.5_meta2.5_r4_n400,1,1,4
sim11_d2.5_meta2.5_r4_n400,1,0,2
sim11_d2.5_meta2.5_r4_n400,1,1,4
sim11_d2.5_meta2.5_r4_n400,0,0,4
sim11_d2.5_meta2.5_r4_n400,0,0,4
sim11_d2.5_meta2.5_r4_n400,1,1,1
sim11_d2.5_meta2.5_r4_n400,1,0,1
sim11_d2.5_meta2.5_r4_n400,0,0,4
sim11_d2.5_meta2.5_r4_n400,1,1,3
sim11_d2.5_meta2.5_r4_n400,1,1,4
sim11_d2.5_meta2.5_r4_n400,1,1,2
sim11_d2.5_meta2.5_r4_n400,0,0,4
sim11_d2.5_meta2.5_r4_n400,1,0,1
sim11_d2.5_meta2.5_r4_n400,1,1,2
sim11_d2.5_meta2.5_r4_n400,0,0,4
sim11_d2.5_meta2.5_r4_n400,0,0,4
sim11_d2.5_meta2.5_r4_n400,0,0,4
sim11_d2.5_meta2.5_r4_n400,1,1,4
sim11_d2.5_meta2.5_r4_n400,1,1,4
sim11_d2.5_meta2.5_r4_n400,1,1,3
sim11_d2.5_meta2.5_r4_n400,1,1,4
sim11_d2.5_meta2.5_r4_n400,1,1,3
sim11_d2.5_meta2.5_r4_n400,0,0,1
sim11_d2.5_meta2.5_r4_n400,1,1,4
sim11_d2.5_meta2.5_r4_n400,1,1,1
sim11_d2.5_meta2.5_r4_n400,0,0,4
sim11_d2.5_meta2.5_r4_n400,0,1,2
sim11_d2.5_meta2.5_r4_n400,0,0,4
sim11_d2.5_meta2.5_r4_n400,1,1,4
sim11_d2.5_meta2.5_r4_n400,1,1,1
sim11_d2.5_meta2.5_r4_n400,1,1,4
sim11_d2.5_meta2.5_r4_n400,0,0,2
sim11_d2.5_meta2.5_r4_n400,1,1,3
sim11_d2.5_meta2.5_r4_n400,0,0,1
sim11_d2.5_meta2.5_r4_n400,0,0,2
sim11_d2.5_meta2.5_r4_n400,1,1,3
sim11_d2.5_meta2.5_r4_n400,0,0,2
sim11_d2.5_meta2.5_r4_n400,0,0,2
sim11_d2.5_meta2.5_r4_n400,1,1,4
sim11_d2.5_meta2.5_r4_n400,0,0,4
sim11_d2.5_meta2.5_r4_n400,1,1,3
sim11_d2.5_meta2.5_r4_n400,0,0,4
sim11_d2.5_meta2.5_r4_n400,0,0,2
sim11_d2.5_meta2.5_r4_n400,1,1,2
sim11_d2.5_meta2.5_r4_n400,1,1,4
sim11_d2.5_meta2.5_r4_n400,1,1,4
sim11_d2.5_meta2.5_r4_n400,1,0,2
sim11_d2.5_meta2.5_r4_n400,1,1,2
sim11_d2.5_meta2.5_r4_n400,1,1,4
sim11_d2.5_meta2.5_r4_n400,1,1,4
sim11_d2.5_meta2.5_r4_n400,0,0,4
sim11_d2.5_meta2.5_r4_n400,0,0,4
sim11_d2.5_meta2.5_r4_n400,0,0,3
sim11_d2.5_meta2.5_r4_n400,0,0,2
sim11_d2.5_meta2.5_r4_n400,1,1,3
sim11_d2.5_meta2.5_r4_n400,1,1,4
sim11_d2.5_meta2.5_r4_n400,0,0,4
sim11_d2.5_meta2.5_r4_n400,1,1,1
sim11_d2.5_meta2.5_r4_n400,0,1,2
sim11_d2.5_meta2.5_r4_n400,0,0,3
sim11_d2.5_meta2.5_r4_n400,1,1,4
sim11_d2.5_meta2.5_r4_n400,0,0,3
sim11_d2.5_meta2.5_r4_n400,1,1,1
sim11_d2.5_meta2.5_r4_n400,1,1,4
sim11_d2.5_meta2.5_r4_n400,0,0,2
sim11_d2.5_meta2.5_r4_n400,0,0,3
sim11_d2.5_meta2.5_r4_n400,1,1,4
sim11_d2.5_meta2.5_r4_n400,1,1,3
sim11_d2.5_meta2.5_r4_n400,0,0,2
sim11_d2.5_meta2.5_r4_n400,1,1,2
sim11_d2.5_meta2.5_r4_n400,1,1,4
sim11_d2.5_meta2.5_r4_n400,1,1,4
sim11_d2.5_meta2.5_r4_n400,1,1,4
sim11_d2.5_meta2.5_r4_n400,1,1,3
sim11_d2.5_meta2.5_r4_n400,1,1,4
sim11_d2.5_meta2.5_r4_n400,0,0,4
sim11_d2.5_meta2.5_r4_n400,1,0,2
sim11_d2.5_meta2.5_r4_n400,1,1,3
sim11_d2.5_meta2.5_r4_n400,1,1,4
sim11_d2.5_meta2.5_r4_n400,1,1,1
sim11_d2.5_meta2.5_r4_n400,0,0,4
sim11_d2.5_meta2.5_r4_n400,1,1,4
sim11_d2.5_meta2.5_r4_n400,0,0,4
sim11_d2.5_meta2.5_r4_n400,1,1,4
sim11_d2.5_meta2.5_r4_n400,1,1,1
sim11_d2.5_meta2.5_r4_n400,1,1,4
sim11_d2.5_meta2.5_r4_n400,0,0,4
sim11_d2.5_meta2.5_r4_n400,0,0,1
sim11_d2.5_meta2.5_r4_n400,1,1,3
sim11_d2.5_meta2.5_r4_n400,0,0,4
sim11_d2.5_meta2.5_r4_n400,1,1,3
sim11_d2.5_meta2.5_r4_n400,0,0,3
sim11_d2.5_meta2.5_r4_n400,0,0,2
sim11_d2.5_meta2.5_r4_n400,0,1,2
sim11_d2.5_meta2.5_r4_n400,1,1,2
sim11_d2.5_meta2.5_r4_n400,1,1,3
sim11_d2.5_meta2.5_r4_n400,0,0,4
sim11_d2.5_meta2.5_r4_n400,1,1,1
sim11_d2.5_meta2.5_r4_n400,0,0,3
sim11_d2.5_meta2.5_r4_n400,0,0,2
sim11_d2.5_meta2.5_r4_n400,1,1,3
sim11_d2.5_meta2.5_r4_n400,1,1,3
sim11_d2.5_meta2.5_r4_n400,0,0,2
sim11_d2.5_meta2.5_r4_n400,0,0,3
sim11_d2.5_meta2.5_r4_n400,1,1,4
sim11_d2.5_meta2.5_r4_n400,0,0,1
sim11_d2.5_meta2.5_r4_n400,1,1,1
sim11_d2.5_meta2.5_r4_n400,1,1,4
sim11_d2.5_meta2.5_r4_n400,1,1,1
sim11_d2.5_meta2.5_r4_n400,0,0,1
sim11_d2.5_meta2.5_r4_n400,1,1,3
sim11_d2.5_meta2.5_r4_n400,0,0,4
sim11_d2.5_meta2.5_r4_n400,1,1,4
sim11_d2.5_meta2.5_r4_n400,0,0,4
sim11_d2.5_meta2.5_r4_n400,1,1,1
sim11_d2.5_meta2.5_r4_n400,0,0,3
sim11_d2.5_meta2.5_r4_n400,0,0,2
sim11_d2.5_meta2.5_r4_n400,0,0,1
sim11_d2.5_meta2.5_r4_n400,1,1,4
sim11_d2.5_meta2.5_r4_n400,0,0,3
sim11_d2.5_meta2.5_r4_n400,0,0,3
sim11_d2.5_meta2.5_r4_n400,1,0,1
sim11_d2.5_meta2.5_r4_n400,1,1,4
sim11_d2.5_meta2.5_r4_n400,0,0,3
sim11_d2.5_meta2.5_r4_n400,0,0,4
sim11_d2.5_meta2.5_r4_n400,0,0,3
sim11_d2.5_meta2.5_r4_n400,0,0,4
sim11_d2.5_meta2.5_r4_n400,0,0,3
sim11_d2.5_meta2.5_r4_n400,1,1,2
sim11_d2.5_meta2.5_r4_n400,1,1,3
sim11_d2.5_meta2.5_r4_n400,0,0,4
sim11_d2.5_meta2.5_r4_n400,1,1,4
sim11_d2.5_meta2.5_r4_n400,0,0,4
sim11_d2.5_meta2.5_r4_n400,0,0,4
sim11_d2.5_meta2.5_r4_n400,0,1,1
sim11_d2.5_meta2.5_r4_n400,0,0,3
sim11_d2.5_meta2.5_r4_n400,1,1,1
sim11_d2.5_meta2.5_r4_n400,0,0,2
sim11_d2.5_meta2.5_r4_n400,1,1,3
sim11_d2.5_meta2.5_r4_n400,0,0,2
sim11_d2.5_meta2.5_r4_n400,0,0,3
sim11_d2.5_meta2.5_r4_n400,1,1,4
sim11_d2.5_meta2.5_r4_n400,1,1,2
sim11_d2.5_meta2.5_r4_n400,0,0,4
sim11_d2.5_meta2.5_r4_n400,0,0,3
sim11_d2.5_meta2.5_r4_n400,1,1,4
sim11_d2.5_meta2.5_r4_n400,0,0,3
sim11_d2.5_meta2.5_r4_n400,0,0,4
sim11_d2.5_meta2.5_r4_n400,0,0,4
sim11_d2.5_meta2.5_r4_n400,1,0,1
sim11_d2.5_meta2.5_r4_n400,0,0,4
sim11_d2.5_meta2.5_r4_n400,1,1,1
sim11_d2.5_meta2.5_r4_n400,0,0,2
sim11_d2.5_meta2.5_r4_n400,0,0,3
sim11_d2.5_meta2.5_r4_n400,1,1,2
sim11_d2.5_meta2.5_r4_n400,1,1,4
sim11_d2.5_meta2.5_r4_n400,1,0,2
sim11_d2.5_meta2.5_r4_n400,0,0,1
sim11_d2.5_meta2.5_r4_n400,1,1,4
sim11_d2.5_meta2.5_r4_n400,0,0,4
sim11_d2.5_meta2.5_r4_n400,0,1,1
sim11_d2.5_meta2.5_r4_n400,1,1,4
